seed,epoch,epoch_total,member,train_batch_size,data_build_s,train_time_s,eval_time_s,loss,train_acc_pct,test_acc_pct,lr_sched_start,lr_sched_end,pbt_lr,pbt_batch_size,pbt_weight_decay,pbt_drop_path,pbt_warmup_epochs
38042,1,70,0,64,1.6499910354614258,32.20870804786682,2.335430145263672,1.8976,28.81,34.96,4.84e-08,3.79e-05,3.79e-05,64,0.038,0.057,5.0
38042,1,70,1,128,1.644380807876587,15.774835586547852,2.2698140144348145,1.8932,29.39,34.91,1.34e-07,5.23e-05,5.23e-05,128,0.129,0.023,5.0
38042,1,70,2,256,1.6239724159240723,10.251625537872314,2.268690347671509,1.9062,28.87,36.16,4.75e-07,9.36e-05,9.36e-05,256,0.027,0.094,5.0
38042,1,70,3,64,1.6535382270812988,32.42977476119995,2.263580083847046,1.8608,30.29,36.6,6.71e-08,5.25e-05,5.25e-05,64,0.038,0.074,5.0
38042,1,70,4,128,1.668839693069458,16.994755268096924,2.271158218383789,1.8833,29.75,34.49,1.82e-07,7.15e-05,7.15e-05,128,0.027,0.094,5.0
38042,2,70,0,64,1.6654560565948486,31.16409134864807,2.2695322036743164,1.636,39.71,45.56,3.79e-05,7.58e-05,7.58e-05,64,0.038,0.057,5.0
38042,2,70,1,128,1.6750767230987549,16.219470977783203,2.2801589965820312,1.6239,39.9,47.47,5.23e-05,0.000105,0.000105,128,0.129,0.023,5.0
38042,2,70,2,256,1.664853572845459,10.156171083450317,2.26326847076416,1.6248,39.98,42.78,9.36e-05,0.000187,0.000187,256,0.027,0.094,5.0
38042,2,70,3,64,1.6681773662567139,32.197240114212036,2.269099235534668,1.5647,42.67,46.46,5.25e-05,0.000105,0.000105,64,0.038,0.074,5.0
38042,2,70,4,128,1.6624393463134766,16.489811420440674,2.2708377838134766,1.5817,41.77,45.75,7.15e-05,0.000143,0.000143,128,0.027,0.094,5.0
38042,3,70,0,64,1.670034646987915,32.04112362861633,2.278620719909668,1.4055,48.64,49.04,7.58e-05,0.000114,0.000114,64,0.038,0.057,5.0
38042,3,70,1,128,1.6618220806121826,16.45198392868042,2.2884678840637207,1.4061,48.37,53.47,0.000105,0.000157,0.000157,128,0.129,0.023,5.0
38042,3,70,2,256,1.6756441593170166,10.318512201309204,2.267935037612915,1.4093,48.4,50.22,0.000187,0.00028,0.00028,256,0.027,0.094,5.0
38042,3,70,3,64,1.6615104675292969,31.966097116470337,2.2739226818084717,1.3678,50.37,50.66,0.000105,0.000158,0.000158,64,0.038,0.074,5.0
38042,3,70,4,128,1.6711797714233398,16.206926584243774,2.280172824859619,1.3801,49.58,51.88,0.000143,0.000214,0.000214,128,0.027,0.094,5.0
38042,4,70,0,64,1.6648645401000977,31.43696403503418,2.2877793312072754,1.2917,52.86,54.29,0.000114,0.000152,0.000152,64,0.038,0.057,5.0
38042,4,70,1,128,1.6739633083343506,16.58841896057129,2.2714948654174805,1.2767,53.56,58.02,0.000157,0.000209,0.000209,128,0.129,0.023,5.0
38042,4,70,2,256,1.6574316024780273,10.292150735855103,2.283973217010498,1.2787,53.8,56.19,0.00028,0.000373,0.000373,256,0.027,0.094,5.0
38042,4,70,3,64,1.6768450736999512,32.544740438461304,2.308483123779297,1.2628,54.29,58.25,0.000158,0.00021,0.00021,64,0.038,0.074,5.0
38042,4,70,4,128,1.6682183742523193,16.21080994606018,2.2679293155670166,1.2734,53.93,54.95,0.000214,0.000285,0.000285,128,0.027,0.094,5.0
38042,5,70,0,64,1.6811163425445557,32.39140248298645,2.3025691509246826,1.2142,56.06,58.4,0.000152,0.000189,0.000189,64,0.038,0.057,5.0
38042,5,70,1,128,1.6746115684509277,16.203702211380005,2.27298641204834,1.208,56.35,57.47,0.000209,0.000261,0.000261,128,0.129,0.023,5.0
38042,5,70,2,256,1.6731562614440918,10.323847532272339,2.276492118835449,1.2043,56.46,56.46,0.000373,0.000466,0.000466,256,0.027,0.094,5.0
38042,5,70,3,64,1.6577658653259277,31.435343742370605,2.266954183578491,1.2037,56.67,57.29,0.00021,0.000262,0.000262,64,0.038,0.074,5.0
38042,5,70,4,128,1.6715641021728516,16.24461555480957,2.2724609375,1.2118,56.14,58.42,0.000285,0.000357,0.000357,128,0.027,0.094,5.0
38042,6,70,0,64,1.6662743091583252,32.209754943847656,2.2741587162017822,1.1493,58.72,61.21,0.000189,0.000189,0.000189,64,0.038,0.057,5.0
38042,6,70,1,128,1.6683011054992676,16.27411198616028,2.2723233699798584,1.1353,59.08,60.98,0.000261,0.000261,0.000261,128,0.129,0.023,5.0
38042,6,70,2,256,1.6611526012420654,10.319022417068481,2.270007848739624,1.0262,63.11,64.32,6.28e-07,0.000124,0.000124,256,0.027,0.094,5.0
38042,6,70,3,64,1.6761202812194824,31.679444313049316,2.267965793609619,1.1612,58.22,61.02,0.000262,0.000262,0.000262,64,0.038,0.074,5.0
38042,6,70,4,128,1.6659135818481445,16.41585350036621,2.267348527908325,1.1615,58.23,60.68,0.000357,0.000356,0.000356,128,0.027,0.094,5.0
38042,7,70,0,64,1.6724088191986084,33.264206409454346,2.2882161140441895,1.0816,61.31,62.82,0.000189,0.000189,0.000189,64,0.038,0.057,5.0
38042,7,70,1,128,1.658402681350708,16.520406007766724,2.2720465660095215,1.0781,61.31,62.84,0.000261,0.00026,0.00026,128,0.129,0.023,5.0
38042,7,70,2,256,1.6747524738311768,10.235203266143799,2.27557635307312,0.9958,64.18,64.55,0.000124,0.000247,0.000247,256,0.027,0.094,5.0
38042,7,70,3,64,1.6589093208312988,31.573673486709595,2.2715847492218018,1.0908,60.82,63.84,0.000262,0.000262,0.000262,64,0.038,0.074,5.0
38042,7,70,4,128,1.6754076480865479,16.276681900024414,2.2665297985076904,1.0943,60.63,60.57,0.000356,0.000356,0.000356,128,0.027,0.094,5.0
38042,8,70,0,64,1.67225980758667,32.363919734954834,2.2688560485839844,1.0268,63.34,64.54,0.000189,0.000188,0.000188,64,0.038,0.057,5.0
38042,8,70,1,128,1.6768298149108887,16.26049542427063,2.272341728210449,1.0151,63.66,63.84,0.00026,0.00026,0.00026,128,0.129,0.023,5.0
38042,8,70,2,256,1.6553175449371338,10.222495317459106,2.269547939300537,1.0133,63.55,61.77,0.000247,0.00037,0.00037,256,0.027,0.094,5.0
38042,8,70,3,64,1.670365333557129,31.30094003677368,2.2735655307769775,1.0299,63.18,64.32,0.000262,0.000261,0.000261,64,0.038,0.074,5.0
38042,8,70,4,128,1.6622593402862549,16.03605556488037,2.2727150917053223,1.0413,62.86,61.38,0.000356,0.000355,0.000355,128,0.027,0.094,5.0
38042,9,70,0,64,1.6662378311157227,31.317172527313232,2.275770902633667,0.9685,65.56,67.75,0.000188,0.000188,0.000188,64,0.038,0.057,5.0
38042,9,70,1,128,1.6622865200042725,16.775484561920166,2.2814297676086426,0.973,65.39,64.08,0.00026,0.000259,0.000259,128,0.129,0.023,5.0
38042,9,70,2,256,1.672699213027954,10.175883293151855,2.274740219116211,1.0242,63.44,63.98,0.00037,0.000493,0.000493,256,0.027,0.094,5.0
38042,9,70,3,64,1.663654088973999,31.696929931640625,2.2682130336761475,0.9799,65.08,66.41,0.000261,0.00026,0.00026,64,0.038,0.074,5.0
38042,9,70,4,128,1.6763994693756104,16.405606746673584,2.267477035522461,0.9944,64.61,65.51,0.000355,0.000353,0.000353,128,0.027,0.094,5.0
38042,10,70,0,64,1.6656947135925293,31.351360082626343,2.2679693698883057,0.9145,67.4,68.38,0.000188,0.000187,0.000187,64,0.038,0.057,5.0
38042,10,70,1,128,1.6674203872680664,15.86595869064331,2.2743749618530273,0.929,66.94,66.28,0.000259,0.000257,0.000257,128,0.129,0.023,5.0
38042,10,70,2,256,1.6624755859375,10.189606666564941,2.276550769805908,1.0223,63.39,63.8,0.000493,0.000615,0.000615,256,0.027,0.094,5.0
38042,10,70,3,64,1.672821044921875,31.047945976257324,2.270712375640869,0.9259,67.0,68.65,0.00026,0.000259,0.000259,64,0.038,0.074,5.0
38042,10,70,4,128,1.6659190654754639,15.989959239959717,2.2711124420166016,0.9449,66.09,66.74,0.000353,0.000351,0.000351,128,0.027,0.094,5.0
38042,11,70,0,64,1.673328161239624,31.006000518798828,2.2663187980651855,0.868,69.24,69.65,0.000187,0.000185,0.000185,64,0.038,0.057,5.0
38042,11,70,1,128,1.6579675674438477,16.337564945220947,2.2696139812469482,0.8848,68.64,70.81,0.000257,0.000256,0.000256,128,0.129,0.023,5.0
38042,11,70,2,128,1.6722307205200195,16.324458599090576,2.271833896636963,0.7771,72.53,72.51,4.13e-07,0.000162,0.000162,128,0.038,0.074,5.0
38042,11,70,3,64,1.6793186664581299,31.733316898345947,2.2991061210632324,0.8721,69.05,70.91,0.000259,0.000257,0.000257,64,0.038,0.074,5.0
38042,11,70,4,128,1.6821074485778809,16.4653377532959,2.273601531982422,0.898,68.2,69.13,0.000351,0.000349,0.000349,128,0.027,0.094,5.0
38042,12,70,0,64,1.660928726196289,32.722187757492065,2.286834716796875,0.8273,70.82,71.34,0.000185,0.000184,0.000184,64,0.038,0.057,5.0
38042,12,70,1,128,1.6858034133911133,17.086056232452393,2.276963233947754,0.8513,69.79,69.65,0.000256,0.000254,0.000254,128,0.129,0.023,5.0
38042,12,70,2,128,1.6728878021240234,16.947155952453613,2.2795329093933105,0.7976,71.78,71.77,0.000162,0.000324,0.000324,128,0.038,0.074,5.0
38042,12,70,3,64,1.677640676498413,33.37189173698425,2.269998073577881,0.8248,70.75,71.88,0.000257,0.000255,0.000255,64,0.038,0.074,5.0
38042,12,70,4,128,1.6655755043029785,16.39713478088379,2.2687528133392334,0.8583,69.48,71.06,0.000349,0.000346,0.000346,128,0.027,0.094,5.0
38042,13,70,0,64,1.6765899658203125,31.831302642822266,2.264911651611328,0.7926,72.03,73.5,0.000184,0.000182,0.000182,64,0.038,0.057,5.0
38042,13,70,1,128,1.6594884395599365,16.088982582092285,2.273550033569336,0.805,71.65,72.42,0.000254,0.000251,0.000251,128,0.129,0.023,5.0
38042,13,70,2,128,1.6866636276245117,16.123913049697876,2.2872471809387207,0.8477,70.0,70.75,0.000324,0.000485,0.000485,128,0.038,0.074,5.0
38042,13,70,3,64,1.6646881103515625,32.07914876937866,2.273061752319336,0.784,72.29,69.26,0.000255,0.000253,0.000253,64,0.038,0.074,5.0
38042,13,70,4,128,1.6696710586547852,16.348321676254272,2.268542766571045,0.8214,70.76,72.14,0.000346,0.000343,0.000343,128,0.027,0.094,5.0
38042,14,70,0,64,1.6630620956420898,31.52368927001953,2.28637957572937,0.7517,73.52,73.27,0.000182,0.000181,0.000181,64,0.038,0.057,5.0
38042,14,70,1,128,1.677597999572754,16.266477584838867,2.2666337490081787,0.7829,72.18,72.76,0.000251,0.000249,0.000249,128,0.129,0.023,5.0
38042,14,70,2,128,1.6590416431427002,15.998926162719727,2.275179624557495,0.8812,68.73,68.94,0.000485,0.000647,0.000647,128,0.038,0.074,5.0
38042,14,70,3,64,1.676651954650879,32.85113191604614,2.28173565864563,0.7503,73.42,74.09,0.000253,0.00025,0.00025,64,0.038,0.074,5.0
38042,14,70,4,128,1.6680665016174316,17.49857234954834,2.267857789993286,0.7933,71.93,70.93,0.000343,0.00034,0.00034,128,0.027,0.094,5.0
38042,15,70,0,64,1.6730365753173828,31.87654137611389,2.274488925933838,0.7185,74.63,75.74,0.000181,0.000179,0.000179,64,0.038,0.057,5.0
38042,15,70,1,128,1.6724803447723389,15.9550621509552,2.277393102645874,0.752,73.3,73.65,0.000249,0.000246,0.000246,128,0.129,0.023,5.0
38042,15,70,2,128,1.667983055114746,16.210614919662476,2.273634910583496,0.8927,68.16,68.87,0.000647,0.000808,0.000808,128,0.038,0.074,5.0
38042,15,70,3,64,1.6658334732055664,31.223102569580078,2.266169309616089,0.7146,74.66,73.06,0.00025,0.000247,0.000247,64,0.038,0.074,5.0
38042,15,70,4,128,1.6702721118927002,16.502171993255615,2.267557382583618,0.7609,72.96,71.95,0.00034,0.000336,0.000336,128,0.027,0.094,5.0
38042,16,70,0,64,1.6614222526550293,31.345380067825317,2.276670217514038,0.6925,75.48,76.9,0.000179,0.000176,0.000176,64,0.038,0.057,5.0
38042,16,70,1,128,1.6728196144104004,16.01776361465454,2.2701563835144043,0.7156,74.66,76.24,0.000246,0.000243,0.000243,128,0.129,0.023,5.0
38042,16,70,2,64,1.6628942489624023,31.365559577941895,2.2750344276428223,0.6259,77.91,74.71,2.56e-07,0.0002,0.0002,64,0.038,0.057,5.0
38042,16,70,3,64,1.6750197410583496,31.16805386543274,2.26728892326355,0.6849,75.73,74.81,0.000247,0.000244,0.000244,64,0.038,0.074,5.0
38042,16,70,4,128,1.6634244918823242,16.10912775993347,2.2754290103912354,0.7301,74.16,73.93,0.000336,0.000332,0.000332,128,0.027,0.094,5.0
38042,17,70,0,64,1.6735343933105469,31.047236680984497,2.2797155380249023,0.6619,76.61,76.64,0.000176,0.000174,0.000174,64,0.038,0.057,5.0
38042,17,70,1,128,1.669748067855835,16.326258659362793,2.281956195831299,0.6856,75.86,76.24,0.000243,0.00024,0.00024,128,0.129,0.023,5.0
38042,17,70,2,64,1.6767849922180176,32.10462188720703,2.2780230045318604,0.7673,72.91,69.47,0.0002,0.0004,0.0004,64,0.038,0.057,5.0
38042,17,70,3,64,1.6786754131317139,31.866468906402588,2.2722349166870117,0.6488,77.03,75.55,0.000244,0.000241,0.000241,64,0.038,0.074,5.0
38042,17,70,4,128,1.6717755794525146,16.992887496948242,2.268460273742676,0.6983,75.42,73.92,0.000332,0.000327,0.000327,128,0.027,0.094,5.0
38042,18,70,0,64,1.685140609741211,32.32587265968323,2.277440309524536,0.6366,77.69,77.99,0.000174,0.000171,0.000171,64,0.038,0.057,5.0
38042,18,70,1,128,1.6845479011535645,16.876036167144775,2.2740602493286133,0.6575,76.7,77.51,0.00024,0.000236,0.000236,128,0.129,0.023,5.0
38042,18,70,2,64,1.6880230903625488,33.61726784706116,2.2749974727630615,0.8777,68.94,66.59,0.0004,0.0006,0.0006,64,0.038,0.057,5.0
38042,18,70,3,64,1.6698126792907715,33.29811358451843,2.278024911880493,0.6215,77.87,75.46,0.000241,0.000237,0.000237,64,0.038,0.074,5.0
38042,18,70,4,128,1.6744024753570557,16.769325017929077,2.297607660293579,0.6717,76.34,76.84,0.000327,0.000323,0.000323,128,0.027,0.094,5.0
38042,19,70,0,64,1.672250509262085,32.53676915168762,2.2855186462402344,0.6073,78.68,77.41,0.000171,0.000169,0.000169,64,0.038,0.057,5.0
38042,19,70,1,128,1.6743371486663818,16.617571115493774,2.281787872314453,0.6375,77.47,76.9,0.000236,0.000232,0.000232,128,0.129,0.023,5.0
38042,19,70,2,64,1.680107593536377,32.570136070251465,2.2990634441375732,0.9364,67.04,65.55,0.0006,0.0008,0.0008,64,0.038,0.057,5.0
38042,19,70,3,64,1.6640617847442627,31.91559362411499,2.2827563285827637,0.5945,78.98,77.42,0.000237,0.000234,0.000234,64,0.038,0.074,5.0
38042,19,70,4,128,1.6806349754333496,17.249938011169434,2.267604112625122,0.6452,77.24,76.76,0.000323,0.000317,0.000317,128,0.027,0.094,5.0
38042,20,70,0,64,1.6656498908996582,32.28191089630127,2.2694270610809326,0.5818,79.32,78.58,0.000169,0.000166,0.000166,64,0.038,0.057,5.0
38042,20,70,1,128,1.6720354557037354,16.38970422744751,2.265373945236206,0.6141,78.42,77.87,0.000232,0.000228,0.000228,128,0.129,0.023,5.0
38042,20,70,2,64,1.6683642864227295,31.85164189338684,2.2689104080200195,0.961,65.79,65.21,0.0008,0.001,0.001,64,0.038,0.057,5.0
38042,20,70,3,64,1.6761696338653564,31.81078600883484,2.2788031101226807,0.5745,79.68,77.31,0.000234,0.00023,0.00023,64,0.038,0.074,5.0
38042,20,70,4,128,1.6687922477722168,16.169127941131592,2.271489381790161,0.6222,78.13,77.46,0.000317,0.000312,0.000312,128,0.027,0.094,5.0
38042,21,70,0,64,1.6801090240478516,31.663415908813477,2.2727887630462646,0.5574,80.08,79.29,0.000166,0.000163,0.000163,64,0.038,0.057,5.0
38042,21,70,1,128,1.6831529140472412,16.916178941726685,2.2903668880462646,0.5928,79.09,78.01,0.000228,0.000224,0.000224,128,0.129,0.023,5.0
38042,21,70,2,128,1.6749663352966309,17.234397888183594,2.2735633850097656,0.468,83.39,79.81,3.87e-07,0.000152,0.000152,128,0.059,0.046,5.0
38042,21,70,3,64,1.664308786392212,31.02591586112976,2.27724552154541,0.5436,80.85,78.2,0.00023,0.000225,0.000225,64,0.038,0.074,5.0
38042,21,70,4,128,1.6689350605010986,16.545886754989624,2.270564556121826,0.6009,78.89,79.32,0.000312,0.000306,0.000306,128,0.027,0.094,5.0
38042,22,70,0,64,1.670409917831421,31.13742685317993,2.268045663833618,0.5376,81.08,79.78,0.000163,0.000159,0.000159,64,0.038,0.057,5.0
38042,22,70,1,128,1.686183214187622,16.138779401779175,2.282808542251587,0.5615,80.23,78.89,0.000224,0.00022,0.00022,128,0.129,0.023,5.0
38042,22,70,2,128,1.6674530506134033,16.2725830078125,2.2742669582366943,0.5326,81.24,77.72,0.000152,0.000303,0.000303,128,0.059,0.046,5.0
38042,22,70,3,64,1.673964500427246,31.90865445137024,2.268796682357788,0.5167,81.77,79.16,0.000225,0.000221,0.000221,64,0.038,0.074,5.0
38042,22,70,4,128,1.6654975414276123,16.347216367721558,2.2745213508605957,0.5732,79.68,78.66,0.000306,0.0003,0.0003,128,0.027,0.094,5.0
38042,23,70,0,64,1.6751997470855713,31.865930795669556,2.26570463180542,0.5109,81.98,78.87,0.000159,0.000156,0.000156,64,0.038,0.057,5.0
38042,23,70,1,128,1.6560149192810059,16.008459329605103,2.2716853618621826,0.5417,80.92,79.44,0.00022,0.000215,0.000215,128,0.129,0.023,5.0
38042,23,70,2,128,1.6710760593414307,16.78482484817505,2.2740232944488525,0.6116,78.42,76.76,0.000303,0.000455,0.000455,128,0.059,0.046,5.0
38042,23,70,3,64,1.6631360054016113,31.565636157989502,2.2780299186706543,0.4959,82.39,79.83,0.000221,0.000216,0.000216,64,0.038,0.074,5.0
38042,23,70,4,128,1.677138328552246,16.659587383270264,2.277320623397827,0.5548,80.2,79.69,0.0003,0.000293,0.000293,128,0.027,0.094,5.0
38042,24,70,0,64,1.671511173248291,31.715903282165527,2.272085428237915,0.4945,82.63,79.31,0.000156,0.000152,0.000152,64,0.038,0.057,5.0
38042,24,70,1,128,1.6768064498901367,16.74465274810791,2.2706031799316406,0.5215,81.47,80.1,0.000215,0.00021,0.00021,128,0.129,0.023,5.0
38042,24,70,2,128,1.6718595027923584,16.02953791618347,2.2848856449127197,0.6835,75.92,74.24,0.000455,0.000606,0.000606,128,0.059,0.046,5.0
38042,24,70,3,64,1.6858594417572021,31.280827283859253,2.2746753692626953,0.4707,83.27,80.96,0.000216,0.000211,0.000211,64,0.038,0.074,5.0
38042,24,70,4,128,1.665107250213623,16.779693841934204,2.270948886871338,0.5298,81.21,78.8,0.000293,0.000287,0.000287,128,0.027,0.094,5.0
38042,25,70,0,64,1.6786723136901855,32.497525453567505,2.2804946899414062,0.4695,83.49,80.38,0.000152,0.000149,0.000149,64,0.038,0.057,5.0
38042,25,70,1,128,1.663886547088623,16.18444514274597,2.2703380584716797,0.4981,82.42,80.94,0.00021,0.000205,0.000205,128,0.129,0.023,5.0
38042,25,70,2,128,1.6743428707122803,16.175102710723877,2.2699286937713623,0.7157,74.69,73.38,0.000606,0.000757,0.000757,128,0.059,0.046,5.0
38042,25,70,3,64,1.663095474243164,31.649134397506714,2.277096748352051,0.4513,83.94,81.12,0.000211,0.000206,0.000206,64,0.038,0.074,5.0
38042,25,70,4,128,1.672203540802002,15.941610097885132,2.2665460109710693,0.5158,81.76,80.9,0.000287,0.00028,0.00028,128,0.027,0.094,5.0
38042,26,70,0,64,1.6675786972045898,31.080201864242554,2.273150682449341,0.4507,84.15,80.81,0.000149,0.000145,0.000145,64,0.038,0.057,5.0
38042,26,70,1,128,1.6730389595031738,15.91637396812439,2.268040895462036,0.48,83.0,80.99,0.000205,0.0002,0.0002,128,0.129,0.023,5.0
38042,26,70,2,128,1.668625831604004,16.335097312927246,2.271951675415039,0.3488,87.71,81.91,4.24e-07,0.000166,0.000166,128,0.075,0.039,5.0
38042,26,70,3,64,1.6748600006103516,31.495959997177124,2.277510404586792,0.4246,84.84,81.09,0.000206,0.000201,0.000201,64,0.038,0.074,5.0
38042,26,70,4,128,1.6643664836883545,16.26964497566223,2.278837203979492,0.4881,82.5,80.76,0.00028,0.000273,0.000273,128,0.027,0.094,5.0
38042,27,70,0,64,1.6705312728881836,31.143083333969116,2.2678563594818115,0.4305,84.69,81.98,0.000145,0.000141,0.000141,64,0.038,0.057,5.0
38042,27,70,1,128,1.6649787425994873,16.342653036117554,2.271005392074585,0.4593,83.91,80.9,0.0002,0.000194,0.000194,128,0.129,0.023,5.0
38042,27,70,2,128,1.6692304611206055,16.125139951705933,2.2761993408203125,0.3951,85.91,80.27,0.000166,0.000332,0.000332,128,0.075,0.039,5.0
38042,27,70,3,64,1.6649525165557861,31.521899461746216,2.2700328826904297,0.4015,85.79,81.57,0.000201,0.000195,0.000195,64,0.038,0.074,5.0
38042,27,70,4,128,1.6735575199127197,16.491886138916016,2.2683377265930176,0.467,83.43,80.53,0.000273,0.000265,0.000265,128,0.027,0.094,5.0
38042,28,70,0,64,1.6671028137207031,30.964367628097534,2.2701098918914795,0.4095,85.44,80.78,0.000141,0.000137,0.000137,64,0.038,0.057,5.0
38042,28,70,1,128,1.6736578941345215,16.78110432624817,2.2770962715148926,0.4435,84.26,80.8,0.000194,0.000189,0.000189,128,0.129,0.023,5.0
38042,28,70,2,128,1.6593167781829834,16.34082269668579,2.2642135620117188,0.476,83.1,79.38,0.000332,0.000498,0.000498,128,0.075,0.039,5.0
38042,28,70,3,64,1.6726100444793701,31.3093318939209,2.265531301498413,0.3845,86.33,81.17,0.000195,0.00019,0.00019,64,0.038,0.074,5.0
38042,28,70,4,128,1.6634161472320557,16.224050283432007,2.2682693004608154,0.4432,84.36,81.46,0.000265,0.000258,0.000258,128,0.027,0.094,5.0
38042,29,70,0,64,1.6721882820129395,31.972728967666626,2.308058023452759,0.3889,86.2,81.67,0.000137,0.000133,0.000133,64,0.038,0.057,5.0
38042,29,70,1,128,1.6642329692840576,16.390150785446167,2.270703077316284,0.4181,85.32,81.35,0.000189,0.000183,0.000183,128,0.129,0.023,5.0
38042,29,70,2,128,1.6759157180786133,16.23537588119507,2.267223358154297,0.5554,80.27,77.94,0.000498,0.000664,0.000664,128,0.075,0.039,5.0
38042,29,70,3,64,1.6629128456115723,31.52046513557434,2.271777391433716,0.3582,87.24,82.45,0.00019,0.000184,0.000184,64,0.038,0.074,5.0
38042,29,70,4,128,1.669114112854004,16.399831533432007,2.2680015563964844,0.4297,84.72,81.61,0.000258,0.00025,0.00025,128,0.027,0.094,5.0
38042,30,70,0,64,1.678755283355713,32.622814655303955,2.283696413040161,0.3709,86.82,82.59,0.000133,0.000129,0.000129,64,0.038,0.057,5.0
38042,30,70,1,128,1.6693427562713623,16.06852388381958,2.2714078426361084,0.402,85.78,82.06,0.000183,0.000177,0.000177,128,0.129,0.023,5.0
38042,30,70,2,128,1.669015884399414,16.372835397720337,2.2693257331848145,0.6045,78.67,76.19,0.000664,0.00083,0.00083,128,0.075,0.039,5.0
38042,30,70,3,64,1.6672430038452148,31.11097025871277,2.2689523696899414,0.3336,88.22,81.87,0.000184,0.000178,0.000178,64,0.038,0.074,5.0
38042,30,70,4,128,1.6610996723175049,16.488349199295044,2.273048162460327,0.409,85.46,81.54,0.00025,0.000242,0.000242,128,0.027,0.094,5.0
38042,31,70,0,64,1.6812987327575684,34.05906844139099,2.2973461151123047,0.3519,87.67,82.33,0.000129,0.000124,0.000124,64,0.038,0.057,5.0
38042,31,70,1,128,1.6699943542480469,16.26910901069641,2.275660991668701,0.3771,86.65,81.46,0.000177,0.000171,0.000171,128,0.129,0.023,5.0
38042,31,70,2,256,1.677738904953003,10.323107957839966,2.2669003009796143,0.2591,91.02,82.86,6.55e-07,0.000129,0.000129,256,0.098,0.068,5.0
38042,31,70,3,64,1.6633362770080566,31.544722318649292,2.273418664932251,0.3161,88.81,80.9,0.000178,0.000172,0.000172,64,0.038,0.074,5.0
38042,31,70,4,128,1.6787450313568115,16.19007921218872,2.2685322761535645,0.3854,86.34,82.16,0.000242,0.000234,0.000234,128,0.027,0.094,5.0
38042,32,70,0,64,1.6598856449127197,31.98131513595581,2.275704860687256,0.3315,88.37,82.03,0.000124,0.00012,0.00012,64,0.038,0.057,5.0
38042,32,70,1,128,1.6703639030456543,16.27354073524475,2.270350217819214,0.3628,87.15,82.63,0.000171,0.000165,0.000165,128,0.129,0.023,5.0
38042,32,70,2,256,1.6625115871429443,10.271633863449097,2.2736124992370605,0.294,89.59,82.4,0.000129,0.000257,0.000257,256,0.098,0.068,5.0
38042,32,70,3,64,1.6639001369476318,31.011680364608765,2.268223762512207,0.3012,89.19,82.28,0.000172,0.000166,0.000166,64,0.038,0.074,5.0
38042,32,70,4,128,1.6710219383239746,16.65791082382202,2.2839515209198,0.3676,86.87,82.13,0.000234,0.000225,0.000225,128,0.027,0.094,5.0
38042,33,70,0,64,1.671666145324707,32.243364572525024,2.276637554168701,0.3113,88.82,82.43,0.00012,0.000116,0.000116,64,0.038,0.057,5.0
38042,33,70,1,128,1.6745367050170898,16.588339805603027,2.2683072090148926,0.3428,87.87,82.33,0.000165,0.000159,0.000159,128,0.129,0.023,5.0
38042,33,70,2,256,1.6719708442687988,10.425828456878662,2.284738063812256,0.3521,87.42,80.95,0.000257,0.000386,0.000386,256,0.098,0.068,5.0
38042,33,70,3,64,1.671560287475586,31.649351596832275,2.2714130878448486,0.2758,90.02,82.2,0.000166,0.00016,0.00016,64,0.038,0.074,5.0
38042,33,70,4,128,1.684781551361084,16.035070657730103,2.265676975250244,0.3447,87.68,83.41,0.000225,0.000217,0.000217,128,0.027,0.094,5.0
38042,34,70,0,64,1.6612560749053955,31.47807478904724,2.27103853225708,0.2926,89.66,83.27,0.000116,0.000111,0.000111,64,0.038,0.057,5.0
38042,34,70,1,128,1.6730475425720215,16.27542805671692,2.271942377090454,0.3256,88.4,82.8,0.000159,0.000153,0.000153,128,0.129,0.023,5.0
38042,34,70,2,256,1.6637959480285645,10.27018928527832,2.2729544639587402,0.4155,85.11,79.77,0.000386,0.000514,0.000514,256,0.098,0.068,5.0
38042,34,70,3,64,1.6737306118011475,31.288572072982788,2.2738547325134277,0.2594,90.68,82.03,0.00016,0.000154,0.000154,64,0.038,0.074,5.0
38042,34,70,4,128,1.666325569152832,16.467010259628296,2.275777578353882,0.3256,88.24,82.59,0.000217,0.000209,0.000209,128,0.027,0.094,5.0
38042,35,70,0,64,1.6712074279785156,32.921406269073486,2.265042543411255,0.2769,90.02,82.2,0.000111,0.000107,0.000107,64,0.038,0.057,5.0
38042,35,70,1,128,1.666632890701294,16.263440370559692,2.267888069152832,0.3104,88.98,83.24,0.000153,0.000147,0.000147,128,0.129,0.023,5.0
38042,35,70,2,256,1.6787567138671875,10.31041669845581,2.268815279006958,0.4697,83.48,79.33,0.000514,0.000642,0.000642,256,0.098,0.068,5.0
38042,35,70,3,64,1.6694235801696777,33.477200746536255,2.2911250591278076,0.2366,91.49,82.53,0.000154,0.000147,0.000147,64,0.038,0.074,5.0
38042,35,70,4,128,1.677842378616333,16.33642292022705,2.2695095539093018,0.3116,88.84,83.25,0.000209,0.0002,0.0002,128,0.027,0.094,5.0
38042,36,70,0,64,1.6653242111206055,31.160629510879517,2.2685348987579346,0.2588,90.79,83.46,0.000107,0.000102,0.000102,64,0.038,0.057,5.0
38042,36,70,1,128,1.67692232131958,16.433214902877808,2.273366689682007,0.2887,89.76,83.42,0.000147,0.00014,0.00014,128,0.129,0.023,5.0
38042,36,70,2,256,1.6641829013824463,10.199124574661255,2.266366481781006,0.2239,92.16,84.15,7.32e-07,0.000144,0.000144,256,0.114,0.072,5.0
38042,36,70,3,64,1.680398941040039,31.0424165725708,2.267573833465576,0.219,92.17,82.8,0.000147,0.000141,0.000141,64,0.038,0.074,5.0
38042,36,70,4,128,1.6659870147705078,16.125916004180908,2.2642662525177,0.2918,89.43,81.9,0.0002,0.000192,0.000192,128,0.027,0.094,5.0
38042,37,70,0,64,1.673419713973999,32.92106056213379,2.2855730056762695,0.2437,91.3,83.39,0.000102,9.75e-05,9.75e-05,64,0.038,0.057,5.0
38042,37,70,1,128,1.6647560596466064,16.028255701065063,2.26755428314209,0.2705,90.5,83.53,0.00014,0.000134,0.000134,128,0.129,0.023,5.0
38042,37,70,2,256,1.6700563430786133,10.37758493423462,2.2750096321105957,0.2431,91.26,82.4,0.000144,0.000288,0.000288,256,0.114,0.072,5.0
38042,37,70,3,64,1.6685590744018555,31.100318431854248,2.2711191177368164,0.2049,92.77,83.25,0.000141,0.000135,0.000135,64,0.038,0.074,5.0
38042,37,70,4,128,1.6794843673706055,16.12989568710327,2.269958972930908,0.2681,90.42,83.35,0.000192,0.000183,0.000183,128,0.027,0.094,5.0
38042,38,70,0,64,1.6638422012329102,31.38020348548889,2.2724010944366455,0.2236,91.99,83.47,9.75e-05,9.29e-05,9.29e-05,64,0.038,0.057,5.0
38042,38,70,1,128,1.6695542335510254,16.561021089553833,2.267585515975952,0.2599,90.83,83.53,0.000134,0.000128,0.000128,128,0.129,0.023,5.0
38042,38,70,2,256,1.6635198593139648,10.223396301269531,2.26941180229187,0.3052,89.07,81.06,0.000288,0.000431,0.000431,256,0.114,0.072,5.0
38042,38,70,3,64,1.674414873123169,32.02492094039917,2.276803731918335,0.1838,93.4,83.26,0.000135,0.000129,0.000129,64,0.038,0.074,5.0
38042,38,70,4,128,1.6623129844665527,15.874584436416626,2.262436866760254,0.2522,91.0,83.12,0.000183,0.000174,0.000174,128,0.027,0.094,5.0
38042,39,70,0,64,1.6739957332611084,31.222827196121216,2.2651331424713135,0.2054,92.65,83.73,9.29e-05,8.84e-05,8.84e-05,64,0.038,0.057,5.0
38042,39,70,1,128,1.6641731262207031,16.14824867248535,2.26983904838562,0.2413,91.32,83.48,0.000128,0.000122,0.000122,128,0.129,0.023,5.0
38042,39,70,2,256,1.674849271774292,10.174691438674927,2.269585609436035,0.3704,86.82,80.21,0.000431,0.000575,0.000575,256,0.114,0.072,5.0
38042,39,70,3,64,1.6585075855255127,32.139360666275024,2.281104803085327,0.167,94.07,82.45,0.000129,0.000122,0.000122,64,0.038,0.074,5.0
38042,39,70,4,128,1.6777656078338623,16.01455307006836,2.2692816257476807,0.2318,91.79,83.29,0.000174,0.000166,0.000166,128,0.027,0.094,5.0
38042,40,70,0,64,1.6670773029327393,33.027528047561646,2.2828104496002197,0.193,93.08,83.89,8.84e-05,8.38e-05,8.38e-05,64,0.038,0.057,5.0
38042,40,70,1,128,1.6749837398529053,16.173871994018555,2.2720606327056885,0.2245,91.99,83.73,0.000122,0.000115,0.000115,128,0.129,0.023,5.0
38042,40,70,2,256,1.6639809608459473,10.239006519317627,2.272907018661499,0.4304,84.61,78.29,0.000575,0.000718,0.000718,256,0.114,0.072,5.0
38042,40,70,3,64,1.675938606262207,32.58436989784241,2.2860422134399414,0.1599,94.29,82.54,0.000122,0.000116,0.000116,64,0.038,0.074,5.0
38042,40,70,4,128,1.6782174110412598,16.998916387557983,2.2709031105041504,0.2165,92.39,83.29,0.000166,0.000157,0.000157,128,0.027,0.094,5.0
38042,41,70,0,64,1.675346851348877,32.57158637046814,2.2753634452819824,0.1785,93.64,83.46,8.38e-05,7.93e-05,7.93e-05,64,0.038,0.057,5.0
38042,41,70,1,128,1.6646037101745605,16.432903051376343,2.2853035926818848,0.2072,92.68,83.29,0.000115,0.000109,0.000109,128,0.129,0.023,5.0
38042,41,70,2,128,1.6679022312164307,16.18771243095398,2.2705860137939453,0.1701,94.04,82.61,5.12e-07,0.000201,0.000201,128,0.132,0.098,5.0
38042,41,70,3,64,1.6784112453460693,31.89769220352173,2.276397228240967,0.1449,94.83,82.72,0.000116,0.00011,0.00011,64,0.038,0.074,5.0
38042,41,70,4,128,1.678924322128296,15.9990816116333,2.2678561210632324,0.1984,92.92,83.65,0.000157,0.000149,0.000149,128,0.027,0.094,5.0
38042,42,70,0,64,1.6623268127441406,33.59446740150452,2.2818665504455566,0.1667,94.08,83.97,7.93e-05,7.49e-05,7.49e-05,64,0.038,0.057,5.0
38042,42,70,1,128,1.6736087799072266,16.839431047439575,2.2669107913970947,0.1919,93.12,83.77,0.000109,0.000103,0.000103,128,0.129,0.023,5.0
38042,42,70,2,128,1.6620447635650635,16.257524013519287,2.2851803302764893,0.3304,88.15,79.97,0.000201,0.000401,0.000401,128,0.132,0.098,5.0
38042,42,70,3,64,1.6722204685211182,32.90961527824402,2.268660545349121,0.1314,95.31,83.48,0.00011,0.000103,0.000103,64,0.038,0.074,5.0
38042,42,70,4,128,1.6623141765594482,16.195253372192383,2.292001962661743,0.1904,93.18,83.6,0.000149,0.00014,0.00014,128,0.027,0.094,5.0
38042,43,70,0,64,1.676548957824707,31.971688985824585,2.2702999114990234,0.1573,94.42,83.81,7.49e-05,7.05e-05,7.05e-05,64,0.038,0.057,5.0
38042,43,70,1,128,1.662564754486084,16.3909969329834,2.288149118423462,0.1772,93.62,84.11,0.000103,9.68e-05,9.68e-05,128,0.129,0.023,5.0
38042,43,70,2,128,1.6855473518371582,17.163408994674683,2.272740125656128,0.478,83.13,77.32,0.000401,0.000601,0.000601,128,0.132,0.098,5.0
38042,43,70,3,64,1.6720590591430664,31.589037656784058,2.27640700340271,0.1153,95.89,82.58,0.000103,9.74e-05,9.74e-05,64,0.038,0.074,5.0
38042,43,70,4,128,1.6683967113494873,16.20210599899292,2.269805908203125,0.1724,93.77,84.29,0.00014,0.000132,0.000132,128,0.027,0.094,5.0
38042,44,70,0,64,1.676927089691162,31.520426511764526,2.2746145725250244,0.141,95.01,83.88,7.05e-05,6.61e-05,6.61e-05,64,0.038,0.057,5.0
38042,44,70,1,128,1.6836178302764893,16.67186141014099,2.279379367828369,0.1691,94.02,84.09,9.68e-05,9.08e-05,9.08e-05,128,0.129,0.023,5.0
38042,44,70,2,128,1.6593494415283203,16.373435258865356,2.2669169902801514,0.5776,79.75,75.39,0.000601,0.000801,0.000801,128,0.132,0.098,5.0
38042,44,70,3,64,1.6760971546173096,31.36318826675415,2.2753353118896484,0.1092,96.1,83.47,9.74e-05,9.13e-05,9.13e-05,64,0.038,0.074,5.0
38042,44,70,4,128,1.6649322509765625,16.668949127197266,2.268742799758911,0.1578,94.39,84.01,0.000132,0.000124,0.000124,128,0.027,0.094,5.0
38042,45,70,0,64,1.6732738018035889,32.413628339767456,2.266857385635376,0.1299,95.49,83.87,6.61e-05,6.18e-05,6.18e-05,64,0.038,0.057,5.0
38042,45,70,1,128,1.669098138809204,17.665014028549194,2.2664954662323,0.1538,94.59,84.26,9.08e-05,8.49e-05,8.49e-05,128,0.129,0.023,5.0
38042,45,70,2,128,1.6727516651153564,16.53830909729004,2.2746522426605225,0.6365,77.67,75.73,0.000801,0.001,0.001,128,0.132,0.098,5.0
38042,45,70,3,64,1.672792673110962,32.81889533996582,2.274895191192627,0.0957,96.68,82.9,9.13e-05,8.53e-05,8.53e-05,64,0.038,0.074,5.0
38042,45,70,4,128,1.6757442951202393,16.450681924819946,2.2773361206054688,0.1468,94.77,84.42,0.000124,0.000116,0.000116,128,0.027,0.094,5.0
38042,46,70,0,64,1.6638743877410889,31.81214165687561,2.2986831665039062,0.1214,95.7,83.76,6.18e-05,5.76e-05,5.76e-05,64,0.038,0.057,5.0
38042,46,70,1,128,1.673321008682251,17.09327244758606,2.2847580909729004,0.1407,95.01,84.66,8.49e-05,7.91e-05,7.91e-05,128,0.129,0.023,5.0
38042,46,70,2,256,1.6662883758544922,10.222801685333252,2.2680294513702393,0.0977,96.71,84.17,6.88e-07,0.000136,0.000136,256,0.138,0.06,5.0
38042,46,70,3,64,1.6743404865264893,31.69837522506714,2.269310712814331,0.089,96.9,83.5,8.53e-05,7.95e-05,7.95e-05,64,0.038,0.074,5.0
38042,46,70,4,128,1.6659519672393799,16.324791193008423,2.2711293697357178,0.13,95.42,83.65,0.000116,0.000108,0.000108,128,0.027,0.094,5.0
38042,47,70,0,64,1.6723301410675049,31.798215866088867,2.273556709289551,0.1082,96.19,84.29,5.76e-05,5.34e-05,5.34e-05,64,0.038,0.057,5.0
38042,47,70,1,128,1.664891004562378,16.32569670677185,2.27300763130188,0.1269,95.54,84.55,7.91e-05,7.34e-05,7.34e-05,128,0.129,0.023,5.0
38042,47,70,2,256,1.666797161102295,10.287009716033936,2.2777297496795654,0.1504,94.66,83.34,0.000136,0.00027,0.00027,256,0.138,0.06,5.0
38042,47,70,3,64,1.6762440204620361,32.664501905441284,2.2757527828216553,0.0787,97.26,83.8,7.95e-05,7.38e-05,7.38e-05,64,0.038,0.074,5.0
38042,47,70,4,128,1.6762721538543701,16.953142881393433,2.2708611488342285,0.122,95.68,84.09,0.000108,0.0001,0.0001,128,0.027,0.094,5.0
38042,48,70,0,64,1.672229290008545,31.51785182952881,2.270996332168579,0.1015,96.44,84.61,5.34e-05,4.94e-05,4.94e-05,64,0.038,0.057,5.0
38042,48,70,1,128,1.682084321975708,16.5127592086792,2.2793710231781006,0.1204,95.63,84.71,7.34e-05,6.78e-05,6.78e-05,128,0.129,0.023,5.0
38042,48,70,2,256,1.6689097881317139,10.300434827804565,2.2754526138305664,0.228,91.72,81.5,0.00027,0.000405,0.000405,256,0.138,0.06,5.0
38042,48,70,3,64,1.6748039722442627,32.34441614151001,2.29202938079834,0.0733,97.44,83.84,7.38e-05,6.82e-05,6.82e-05,64,0.038,0.074,5.0
38042,48,70,4,128,1.6631064414978027,16.22152066230774,2.267552375793457,0.108,96.25,84.09,0.0001,9.24e-05,9.24e-05,128,0.027,0.094,5.0
38042,49,70,0,64,1.6724107265472412,31.301825761795044,2.2756001949310303,0.0943,96.67,84.12,4.94e-05,4.55e-05,4.55e-05,64,0.038,0.057,5.0
38042,49,70,1,128,1.672558307647705,16.588075637817383,2.268965482711792,0.1069,96.29,84.72,6.78e-05,6.24e-05,6.24e-05,128,0.129,0.023,5.0
38042,49,70,2,256,1.6723432540893555,10.194839715957642,2.273061752319336,0.3002,89.19,81.01,0.000405,0.00054,0.00054,256,0.138,0.06,5.0
38042,49,70,3,64,1.6652288436889648,31.406817197799683,2.2682037353515625,0.0658,97.68,83.83,6.82e-05,6.27e-05,6.27e-05,64,0.038,0.074,5.0
38042,49,70,4,128,1.6738314628601074,16.028738021850586,2.2682249546051025,0.1016,96.42,84.18,9.24e-05,8.49e-05,8.49e-05,128,0.027,0.094,5.0
38042,50,70,0,64,1.6684069633483887,31.203856468200684,2.2690751552581787,0.0824,97.17,84.32,4.55e-05,4.17e-05,4.17e-05,64,0.038,0.057,5.0
38042,50,70,1,128,1.6763761043548584,16.783685207366943,2.2774946689605713,0.0988,96.52,84.39,6.24e-05,5.71e-05,5.71e-05,128,0.129,0.023,5.0
38042,50,70,2,256,1.6756534576416016,10.355018377304077,2.2666993141174316,0.3522,87.43,79.68,0.00054,0.000674,0.000674,256,0.138,0.06,5.0
38042,50,70,3,64,1.6791119575500488,31.760257959365845,2.2731568813323975,0.0582,97.97,83.4,6.27e-05,5.74e-05,5.74e-05,64,0.038,0.074,5.0
38042,50,70,4,128,1.664435625076294,16.42550754547119,2.273038148880005,0.0925,96.75,83.91,8.49e-05,7.78e-05,7.78e-05,128,0.027,0.094,5.0
38042,51,70,0,64,1.6772468090057373,33.10850715637207,2.2846755981445312,0.0775,97.4,84.19,4.17e-05,3.8e-05,3.8e-05,64,0.038,0.057,5.0
38042,51,70,1,128,1.6610288619995117,16.105116367340088,2.2790563106536865,0.0934,96.73,84.71,5.71e-05,5.21e-05,5.21e-05,128,0.129,0.023,5.0
38042,51,70,2,256,1.6672563552856445,10.244332075119019,2.277054786682129,0.0882,96.9,83.53,8.01e-07,0.000158,0.000158,256,0.129,0.023,5.0
38042,51,70,3,64,1.6681163311004639,32.222678661346436,2.272906541824341,0.0523,98.21,84.15,5.74e-05,5.23e-05,5.23e-05,64,0.038,0.074,5.0
38042,51,70,4,128,1.6740167140960693,16.201526165008545,2.278499126434326,0.0791,97.24,84.43,7.78e-05,7.08e-05,7.08e-05,128,0.027,0.094,5.0
38042,52,70,0,64,1.6631271839141846,31.703805208206177,2.2793948650360107,0.0746,97.44,84.37,3.8e-05,3.45e-05,3.45e-05,64,0.038,0.057,5.0
38042,52,70,1,128,1.685225009918213,16.843475103378296,2.2663228511810303,0.0865,97.01,84.67,5.21e-05,4.72e-05,4.72e-05,128,0.129,0.023,5.0
38042,52,70,2,256,1.6641430854797363,10.18419361114502,2.2745492458343506,0.2036,92.79,81.74,0.000158,0.000315,0.000315,256,0.129,0.023,5.0
38042,52,70,3,64,1.6730327606201172,31.57998490333557,2.2690696716308594,0.0436,98.49,84.16,5.23e-05,4.74e-05,4.74e-05,64,0.038,0.074,5.0
38042,52,70,4,128,1.6609890460968018,16.347296476364136,2.2707693576812744,0.0752,97.46,84.59,7.08e-05,6.41e-05,6.41e-05,128,0.027,0.094,5.0
38042,53,70,0,64,1.6754100322723389,31.787174463272095,2.2715039253234863,0.0634,97.79,83.95,3.45e-05,3.1e-05,3.1e-05,64,0.038,0.057,5.0
38042,53,70,1,128,1.6688172817230225,17.345541954040527,2.2711071968078613,0.0782,97.34,84.96,4.72e-05,4.25e-05,4.25e-05,128,0.129,0.023,5.0
38042,53,70,2,256,1.6701958179473877,10.205211400985718,2.273494005203247,0.3049,89.15,79.66,0.000315,0.000472,0.000472,256,0.129,0.023,5.0
38042,53,70,3,64,1.6645138263702393,31.292819261550903,2.2720608711242676,0.0428,98.54,84.1,4.74e-05,4.27e-05,4.27e-05,64,0.038,0.074,5.0
38042,53,70,4,128,1.6817331314086914,16.692131757736206,2.2690632343292236,0.0684,97.6,84.39,6.41e-05,5.77e-05,5.77e-05,128,0.027,0.094,5.0
38042,54,70,0,64,1.6645488739013672,31.304410696029663,2.2809982299804688,0.0594,97.98,84.65,3.1e-05,2.78e-05,2.78e-05,64,0.038,0.057,5.0
38042,54,70,1,128,1.6742761135101318,16.38479447364807,2.2704038619995117,0.0697,97.64,84.69,4.25e-05,3.8e-05,3.8e-05,128,0.129,0.023,5.0
38042,54,70,2,256,1.6708950996398926,10.300543785095215,2.274474859237671,0.3817,86.47,78.52,0.000472,0.000629,0.000629,256,0.129,0.023,5.0
38042,54,70,3,64,1.6728911399841309,31.641669750213623,2.26916241645813,0.0353,98.82,83.9,4.27e-05,3.82e-05,3.82e-05,64,0.038,0.074,5.0
38042,54,70,4,128,1.6580440998077393,16.08648991584778,2.2692580223083496,0.0611,97.88,84.37,5.77e-05,5.15e-05,5.15e-05,128,0.027,0.094,5.0
38042,55,70,0,64,1.6721599102020264,33.36411452293396,2.2785837650299072,0.0545,98.16,84.76,2.78e-05,2.47e-05,2.47e-05,64,0.038,0.057,5.0
38042,55,70,1,128,1.6678216457366943,16.194202661514282,2.2699472904205322,0.0652,97.81,84.97,3.8e-05,3.37e-05,3.37e-05,128,0.129,0.023,5.0
38042,55,70,2,256,1.6686985492706299,10.34684705734253,2.275561571121216,0.4428,84.29,78.79,0.000629,0.000785,0.000785,256,0.129,0.023,5.0
38042,55,70,3,64,1.6622450351715088,31.824878931045532,2.2680745124816895,0.0351,98.84,84.02,3.82e-05,3.39e-05,3.39e-05,64,0.038,0.074,5.0
38042,55,70,4,128,1.6760199069976807,16.3913676738739,2.273221254348755,0.0575,98.06,84.67,5.15e-05,4.57e-05,4.57e-05,128,0.027,0.094,5.0
38042,56,70,0,64,1.6591517925262451,32.013678789138794,2.3023266792297363,0.0503,98.26,84.57,2.47e-05,2.18e-05,2.18e-05,64,0.038,0.057,5.0
38042,56,70,1,128,1.6757562160491943,16.286813259124756,2.272331953048706,0.0582,97.98,85.04,3.37e-05,2.96e-05,2.96e-05,128,0.129,0.023,5.0
38042,56,70,2,256,1.6691279411315918,10.253398656845093,2.2699997425079346,0.0859,97.0,83.16,9.87e-07,0.000194,0.000194,256,0.112,0.04,5.0
38042,56,70,3,64,1.6703221797943115,31.086747884750366,2.274352550506592,0.0282,99.06,84.35,3.39e-05,2.98e-05,2.98e-05,64,0.038,0.074,5.0
38042,56,70,4,128,1.6645500659942627,16.15811562538147,2.270793914794922,0.0493,98.29,84.58,4.57e-05,4.02e-05,4.02e-05,128,0.027,0.094,5.0
38042,57,70,0,64,1.6654486656188965,31.384897470474243,2.271148920059204,0.0449,98.47,84.74,2.18e-05,1.9e-05,1.9e-05,64,0.038,0.057,5.0
38042,57,70,1,128,1.6595253944396973,16.74617075920105,2.269596576690674,0.0532,98.22,85.17,2.96e-05,2.58e-05,2.58e-05,128,0.129,0.023,5.0
38042,57,70,2,256,1.6736552715301514,10.249165773391724,2.2712531089782715,0.229,92.02,80.94,0.000194,0.000388,0.000388,256,0.112,0.04,5.0
38042,57,70,3,64,1.6656379699707031,33.83391451835632,2.271517753601074,0.0252,99.2,84.67,2.98e-05,2.6e-05,2.6e-05,64,0.038,0.074,5.0
38042,57,70,4,128,1.665900707244873,16.81038737297058,2.2816083431243896,0.045,98.52,84.72,4.02e-05,3.49e-05,3.49e-05,128,0.027,0.094,5.0
38042,58,70,0,64,1.6672625541687012,34.22674226760864,2.2855000495910645,0.0422,98.6,84.46,1.9e-05,1.64e-05,1.64e-05,64,0.038,0.057,5.0
38042,58,70,1,128,1.6763615608215332,16.31519603729248,2.271622896194458,0.0518,98.25,85.04,2.58e-05,2.23e-05,2.23e-05,128,0.129,0.023,5.0
38042,58,70,2,256,1.6743147373199463,10.173719882965088,2.2731435298919678,0.3464,87.72,78.53,0.000388,0.000581,0.000581,256,0.112,0.04,5.0
38042,58,70,3,64,1.675987720489502,32.187243700027466,2.302180528640747,0.024,99.2,84.43,2.6e-05,2.24e-05,2.24e-05,64,0.038,0.074,5.0
38042,58,70,4,128,1.6723780632019043,16.277977228164673,2.2744550704956055,0.0403,98.62,85.03,3.49e-05,3.01e-05,3.01e-05,128,0.027,0.094,5.0
38042,59,70,0,64,1.6762261390686035,31.594770193099976,2.2745718955993652,0.0385,98.7,84.59,1.64e-05,1.4e-05,1.4e-05,64,0.038,0.057,5.0
38042,59,70,1,128,1.663930892944336,16.548226594924927,2.268216133117676,0.0462,98.45,85.25,2.23e-05,1.89e-05,1.89e-05,128,0.129,0.023,5.0
38042,59,70,2,256,1.688758373260498,10.206014156341553,2.2773828506469727,0.4354,84.5,78.44,0.000581,0.000775,0.000775,256,0.112,0.04,5.0
38042,59,70,3,64,1.6619813442230225,31.975608110427856,2.290633201599121,0.0219,99.27,84.27,2.24e-05,1.9e-05,1.9e-05,64,0.038,0.074,5.0
38042,59,70,4,128,1.6756181716918945,16.665619611740112,2.2762718200683594,0.0366,98.8,84.76,3.01e-05,2.55e-05,2.55e-05,128,0.027,0.094,5.0
38042,60,70,0,64,1.6622233390808105,31.011720418930054,2.266636610031128,0.0344,98.84,84.83,1.4e-05,1.18e-05,1.18e-05,64,0.038,0.057,5.0
38042,60,70,1,128,1.6747431755065918,16.2986319065094,2.276019811630249,0.0451,98.46,85.16,1.89e-05,1.59e-05,1.59e-05,128,0.129,0.023,5.0
38042,60,70,2,256,1.668916940689087,10.183295011520386,2.2743189334869385,0.507,81.95,76.55,0.000775,0.000967,0.000967,256,0.112,0.04,5.0
38042,60,70,3,64,1.6654298305511475,32.3012158870697,2.2664334774017334,0.0179,99.43,84.39,1.9e-05,1.6e-05,1.6e-05,64,0.038,0.074,5.0
38042,60,70,4,128,1.6695308685302734,16.322699069976807,2.275519609451294,0.0345,98.89,84.81,2.55e-05,2.14e-05,2.14e-05,128,0.027,0.094,5.0
38042,61,70,0,64,1.6666297912597656,31.02057385444641,2.287782669067383,0.0318,98.95,84.78,1.18e-05,9.77e-06,9.77e-06,64,0.038,0.057,5.0
38042,61,70,1,128,1.6646122932434082,16.4886417388916,2.273472309112549,0.0409,98.59,85.49,1.59e-05,1.31e-05,1.31e-05,128,0.129,0.023,5.0
38042,61,70,2,256,1.6809697151184082,10.26936960220337,2.26883602142334,0.0729,97.52,82.06,9.74e-07,0.000192,0.000192,256,0.135,0.054,5.0
38042,61,70,3,64,1.6610198020935059,31.57489848136902,2.2641890048980713,0.0156,99.51,84.51,1.6e-05,1.32e-05,1.32e-05,64,0.038,0.074,5.0
38042,61,70,4,128,1.66965651512146,16.59747290611267,2.270965814590454,0.0323,98.97,85.19,2.14e-05,1.75e-05,1.75e-05,128,0.027,0.094,5.0
38042,62,70,0,64,1.6617941856384277,34.73997759819031,2.274470090866089,0.0295,99.03,84.71,9.77e-06,7.95e-06,7.95e-06,64,0.038,0.057,5.0
38042,62,70,1,128,1.674039363861084,16.032395124435425,2.2729649543762207,0.0372,98.76,85.43,1.31e-05,1.06e-05,1.06e-05,128,0.129,0.023,5.0
38042,62,70,2,256,1.6628050804138184,10.215880155563354,2.269540786743164,0.2284,91.85,80.43,0.000192,0.000383,0.000383,256,0.135,0.054,5.0
38042,62,70,3,64,1.6753458976745605,31.727109670639038,2.2931811809539795,0.0129,99.61,84.64,1.32e-05,1.06e-05,1.06e-05,64,0.038,0.074,5.0
38042,62,70,4,128,1.6640691757202148,16.51474142074585,2.269911289215088,0.0276,99.09,85.23,1.75e-05,1.41e-05,1.41e-05,128,0.027,0.094,5.0
38042,63,70,0,64,1.680457353591919,32.11484622955322,2.295348882675171,0.0275,99.11,84.78,7.95e-06,6.34e-06,6.34e-06,64,0.038,0.057,5.0
38042,63,70,1,128,1.6571674346923828,16.36697793006897,2.2731363773345947,0.0336,98.9,85.45,1.06e-05,8.37e-06,8.37e-06,128,0.129,0.023,5.0
38042,63,70,2,256,1.6770920753479004,10.286400079727173,2.267134666442871,0.3432,87.78,77.33,0.000383,0.000574,0.000574,256,0.135,0.054,5.0
38042,63,70,3,64,1.6630594730377197,31.137349843978882,2.268115282058716,0.0131,99.59,84.84,1.06e-05,8.41e-06,8.41e-06,64,0.038,0.074,5.0
38042,63,70,4,128,1.6751973628997803,17.06192684173584,2.267331600189209,0.0262,99.15,85.13,1.41e-05,1.11e-05,1.11e-05,128,0.027,0.094,5.0
38042,64,70,0,64,1.6571199893951416,30.945351600646973,2.266385555267334,0.0263,99.15,85.09,6.34e-06,4.93e-06,4.93e-06,64,0.038,0.057,5.0
38042,64,70,1,128,1.6703455448150635,16.13593316078186,2.2824344635009766,0.0334,98.93,85.45,8.37e-06,6.42e-06,6.42e-06,128,0.129,0.023,5.0
38042,64,70,2,256,1.6611597537994385,10.196598529815674,2.267009735107422,0.4359,84.5,76.59,0.000574,0.000765,0.000765,256,0.135,0.054,5.0
38042,64,70,3,64,1.6755473613739014,31.18496584892273,2.2750887870788574,0.0122,99.65,84.81,8.41e-06,6.46e-06,6.46e-06,64,0.038,0.074,5.0
38042,64,70,4,128,1.661588430404663,16.162203073501587,2.274066209793091,0.0246,99.17,85.14,1.11e-05,8.42e-06,8.42e-06,128,0.027,0.094,5.0
38042,65,70,0,64,1.676088571548462,31.963132619857788,2.2660067081451416,0.0261,99.15,85.18,4.93e-06,3.74e-06,3.74e-06,64,0.038,0.057,5.0
38042,65,70,1,128,1.6736860275268555,16.152154445648193,2.2730607986450195,0.0297,99.06,85.52,6.42e-06,4.77e-06,4.77e-06,128,0.129,0.023,5.0
38042,65,70,2,256,1.671999216079712,10.191574573516846,2.270387649536133,0.5015,82.06,78.98,0.000765,0.000955,0.000955,256,0.135,0.054,5.0
38042,65,70,3,64,1.6689958572387695,31.034652948379517,2.269909143447876,0.0104,99.63,84.74,6.46e-06,4.8e-06,4.8e-06,64,0.038,0.074,5.0
38042,65,70,4,128,1.6714069843292236,16.302577018737793,2.2694735527038574,0.0236,99.23,85.36,8.42e-06,6.16e-06,6.16e-06,128,0.027,0.094,5.0
38042,66,70,0,64,1.6674284934997559,31.309173822402954,2.285576343536377,0.0251,99.21,84.98,3.74e-06,2.75e-06,2.75e-06,64,0.038,0.057,5.0
38042,66,70,1,128,1.6779606342315674,16.33928871154785,2.2754290103912354,0.0292,99.02,85.51,4.77e-06,3.42e-06,3.42e-06,128,0.129,0.023,5.0
38042,66,70,2,256,1.6660940647125244,10.204703092575073,2.280630588531494,0.0517,98.24,83.27,6.98e-07,0.000137,0.000137,256,0.127,0.024,5.0
38042,66,70,3,64,1.679673671722412,32.03048801422119,2.285757303237915,0.0099,99.71,84.85,4.8e-06,3.43e-06,3.43e-06,64,0.038,0.074,5.0
38042,66,70,4,128,1.6604692935943604,15.953093767166138,2.286790132522583,0.0225,99.3,85.36,6.16e-06,4.31e-06,4.31e-06,128,0.027,0.094,5.0
38042,67,70,0,64,1.675128698348999,32.72762751579285,2.270500898361206,0.0234,99.22,85.06,2.75e-06,1.99e-06,1.99e-06,64,0.038,0.057,5.0
38042,67,70,1,128,1.6663603782653809,15.92611813545227,2.2754898071289062,0.03,99.0,85.46,3.42e-06,2.36e-06,2.36e-06,128,0.129,0.023,5.0
38042,67,70,2,256,1.6708080768585205,10.168538331985474,2.269939661026001,0.1582,94.45,82.49,0.000137,0.000274,0.000274,256,0.127,0.024,5.0
38042,67,70,3,64,1.6609926223754883,31.729718685150146,2.307236909866333,0.0091,99.75,84.86,3.43e-06,2.37e-06,2.37e-06,64,0.038,0.074,5.0
38042,67,70,4,128,1.6844265460968018,16.7408230304718,2.2855210304260254,0.0204,99.36,85.3,4.31e-06,2.86e-06,2.86e-06,128,0.027,0.094,5.0
38042,68,70,0,64,1.673388957977295,32.68529653549194,2.2675626277923584,0.0211,99.34,85.03,1.99e-06,1.44e-06,1.44e-06,64,0.038,0.057,5.0
38042,68,70,1,128,1.6655340194702148,16.213542699813843,2.2831835746765137,0.0275,99.15,85.57,2.36e-06,1.61e-06,1.61e-06,128,0.129,0.023,5.0
38042,68,70,2,256,1.663224220275879,10.182587623596191,2.2691314220428467,0.2621,90.71,81.5,0.000274,0.000411,0.000411,256,0.127,0.024,5.0
38042,68,70,3,64,1.6690154075622559,31.81959319114685,2.2646656036376953,0.0095,99.71,84.83,2.37e-06,1.61e-06,1.61e-06,64,0.038,0.074,5.0
38042,68,70,4,128,1.659769058227539,16.4790256023407,2.2762346267700195,0.0217,99.32,85.42,2.86e-06,1.83e-06,1.83e-06,128,0.027,0.094,5.0
38042,69,70,0,64,1.6817431449890137,33.765989542007446,2.269702911376953,0.0209,99.29,85.07,1.44e-06,1.11e-06,1.11e-06,64,0.038,0.057,5.0
38042,69,70,1,128,1.66544771194458,16.271254539489746,2.2830393314361572,0.0276,99.07,85.5,1.61e-06,1.15e-06,1.15e-06,128,0.129,0.023,5.0
38042,69,70,2,256,1.6759579181671143,10.234209299087524,2.2742502689361572,0.3386,87.7,78.68,0.000411,0.000548,0.000548,256,0.127,0.024,5.0
38042,69,70,3,64,1.6650886535644531,31.47985863685608,2.274324417114258,0.0092,99.72,84.88,1.61e-06,1.15e-06,1.15e-06,64,0.038,0.074,5.0
38042,69,70,4,128,1.6749708652496338,15.980617046356201,2.2708137035369873,0.0213,99.32,85.46,1.83e-06,1.21e-06,1.21e-06,128,0.027,0.094,5.0
38042,70,70,0,64,1.6613094806671143,31.690948009490967,2.299488067626953,0.022,99.31,85.19,1.11e-06,1e-06,1e-06,64,0.038,0.057,5.0
38042,70,70,1,128,1.6731157302856445,16.011502265930176,2.283090591430664,0.0275,99.07,85.54,1.15e-06,1e-06,1e-06,128,0.129,0.023,5.0
38042,70,70,2,256,1.6644701957702637,10.155176639556885,2.279444694519043,0.401,85.57,78.6,0.000548,0.000684,0.000684,256,0.127,0.024,5.0
38042,70,70,3,64,1.666313886642456,31.64215898513794,2.2794349193573,0.009,99.74,84.86,1.15e-06,1e-06,1e-06,64,0.038,0.074,5.0
38042,70,70,4,128,1.663888931274414,16.433417320251465,2.2750184535980225,0.0209,99.32,85.49,1.21e-06,1e-06,1e-06,128,0.027,0.094,5.0
217401,1,70,0,256,1.636951208114624,10.989151954650879,2.3266773223876953,1.8845,29.45,38.01,6.92e-07,0.000136,0.000136,256,0.141,0.166,5.0
217401,1,70,1,64,1.6545240879058838,32.1312689781189,2.304800033569336,1.8504,30.93,37.31,1.49e-07,0.000116,0.000116,64,0.127,0.2,5.0
217401,1,70,2,64,1.6204032897949219,30.931040048599243,2.2789406776428223,1.9136,28.65,32.33,4.19e-08,3.28e-05,3.28e-05,64,0.143,0.192,5.0
217401,1,70,3,64,1.657677173614502,31.172935009002686,2.2746315002441406,1.9149,28.12,33.02,3.2e-08,2.51e-05,2.51e-05,64,0.128,0.179,5.0
217401,1,70,4,128,1.6746602058410645,16.128385543823242,2.2709908485412598,1.9267,28.45,34.68,6.85e-08,2.69e-05,2.69e-05,128,0.127,0.2,5.0
217401,2,70,0,256,1.6558351516723633,10.235803127288818,2.27254581451416,1.573,41.8,43.5,0.000136,0.000272,0.000272,256,0.141,0.166,5.0
217401,2,70,1,64,1.6679723262786865,31.566792964935303,2.2737207412719727,1.5182,44.48,50.26,0.000116,0.000232,0.000232,64,0.127,0.2,5.0
217401,2,70,2,64,1.657914400100708,31.675498008728027,2.2702581882476807,1.6529,38.86,44.19,3.28e-05,6.56e-05,6.56e-05,64,0.143,0.192,5.0
217401,2,70,3,64,1.666529655456543,32.019580125808716,2.269550085067749,1.6681,38.64,41.57,2.51e-05,5.02e-05,5.02e-05,64,0.128,0.179,5.0
217401,2,70,4,128,1.6557159423828125,16.183968544006348,2.273529291152954,1.6874,37.8,42.45,2.69e-05,5.37e-05,5.37e-05,128,0.127,0.2,5.0
217401,3,70,0,256,1.6714425086975098,10.233225584030151,2.269038200378418,1.3805,49.53,51.36,0.000272,0.000408,0.000408,256,0.141,0.166,5.0
217401,3,70,1,64,1.6552884578704834,31.64257025718689,2.271928071975708,1.3893,49.33,53.45,0.000232,0.000349,0.000349,64,0.127,0.2,5.0
217401,3,70,2,64,1.6663563251495361,31.26928448677063,2.2724525928497314,1.4338,47.6,52.68,6.56e-05,9.83e-05,9.83e-05,64,0.143,0.192,5.0
217401,3,70,3,64,1.662062168121338,32.521608114242554,2.2673146724700928,1.461,46.62,50.38,5.02e-05,7.52e-05,7.52e-05,64,0.128,0.179,5.0
217401,3,70,4,128,1.6706876754760742,16.520037412643433,2.267817258834839,1.503,44.75,45.25,5.37e-05,8.05e-05,8.05e-05,128,0.127,0.2,5.0
217401,4,70,0,256,1.6613960266113281,10.252094030380249,2.2770204544067383,1.2793,53.73,55.96,0.000408,0.000543,0.000543,256,0.141,0.166,5.0
217401,4,70,1,64,1.6710567474365234,31.687533140182495,2.279273509979248,1.3483,50.83,52.04,0.000349,0.000465,0.000465,64,0.127,0.2,5.0
217401,4,70,2,64,1.6722378730773926,32.02325224876404,2.27260684967041,1.2967,52.76,54.4,9.83e-05,0.000131,0.000131,64,0.143,0.192,5.0
217401,4,70,3,64,1.6700794696807861,32.733113527297974,2.271876335144043,1.3024,52.49,55.31,7.52e-05,0.0001,0.0001,64,0.128,0.179,5.0
217401,4,70,4,128,1.6612367630004883,16.225863933563232,2.2789950370788574,1.3251,51.67,53.43,8.05e-05,0.000107,0.000107,128,0.127,0.2,5.0
217401,5,70,0,256,1.6757996082305908,10.238824129104614,2.2801806926727295,1.2388,55.53,57.47,0.000543,0.000678,0.000678,256,0.141,0.166,5.0
217401,5,70,1,64,1.6556260585784912,30.977906465530396,2.2797179222106934,1.3385,51.42,54.74,0.000465,0.000581,0.000581,64,0.127,0.2,5.0
217401,5,70,2,64,1.6688299179077148,31.606053352355957,2.272475004196167,1.217,55.73,59.01,0.000131,0.000164,0.000164,64,0.143,0.192,5.0
217401,5,70,3,64,1.6638472080230713,31.995237827301025,2.271986961364746,1.1948,56.73,57.72,0.0001,0.000125,0.000125,64,0.128,0.179,5.0
217401,5,70,4,128,1.6794614791870117,16.19610285758972,2.2878546714782715,1.2163,56.03,59.12,0.000107,0.000134,0.000134,128,0.127,0.2,5.0
217401,6,70,0,256,1.667816162109375,10.45822525024414,2.2716472148895264,1.2012,56.81,57.69,0.000678,0.000678,0.000678,256,0.141,0.166,5.0
217401,6,70,1,64,1.6705572605133057,30.945706129074097,2.2810630798339844,1.1561,58.25,56.63,2.26e-07,0.000177,0.000177,64,0.127,0.2,5.0
217401,6,70,2,64,1.6574029922485352,30.885401487350464,2.279590129852295,1.15,58.65,63.07,0.000164,0.000164,0.000164,64,0.143,0.192,5.0
217401,6,70,3,64,1.665558099746704,31.25644087791443,2.2739710807800293,1.118,59.75,62.13,0.000125,0.000125,0.000125,64,0.128,0.179,5.0
217401,6,70,4,128,1.664930820465088,16.148033618927002,2.2729039192199707,1.125,59.53,60.06,0.000134,0.000134,0.000134,128,0.127,0.2,5.0
217401,7,70,0,256,1.6718623638153076,10.248770952224731,2.277259349822998,1.1529,58.29,59.93,0.000678,0.000677,0.000677,256,0.141,0.166,5.0
217401,7,70,1,64,1.6606764793395996,33.5621612071991,2.2707362174987793,1.2535,54.8,53.03,0.000177,0.000354,0.000354,64,0.127,0.2,5.0
217401,7,70,2,64,1.6676852703094482,31.605624198913574,2.2689478397369385,1.0783,61.17,61.32,0.000164,0.000163,0.000163,64,0.143,0.192,5.0
217401,7,70,3,64,1.6657843589782715,32.2545006275177,2.2784767150878906,1.0446,62.52,63.32,0.000125,0.000125,0.000125,64,0.128,0.179,5.0
217401,7,70,4,128,1.67413330078125,16.778825283050537,2.270613670349121,1.0397,62.76,64.3,0.000134,0.000134,0.000134,128,0.127,0.2,5.0
217401,8,70,0,256,1.6711137294769287,10.253986358642578,2.270214080810547,1.1146,59.99,60.22,0.000677,0.000675,0.000675,256,0.141,0.166,5.0
217401,8,70,1,64,1.6701850891113281,32.7965784072876,2.2716214656829834,1.2888,53.66,52.6,0.000354,0.000531,0.000531,64,0.127,0.2,5.0
217401,8,70,2,64,1.6587693691253662,32.163066387176514,2.2710931301116943,1.0249,63.7,65.5,0.000163,0.000163,0.000163,64,0.143,0.192,5.0
217401,8,70,3,64,1.6709771156311035,31.45695161819458,2.2696211338043213,0.9849,65.02,67.61,0.000125,0.000125,0.000125,64,0.128,0.179,5.0
217401,8,70,4,128,1.658660888671875,16.291617393493652,2.269465446472168,0.9862,64.82,66.03,0.000134,0.000133,0.000133,128,0.127,0.2,5.0
217401,9,70,0,256,1.6707406044006348,10.240919351577759,2.2684500217437744,1.0567,62.32,63.36,0.000675,0.000672,0.000672,256,0.141,0.166,5.0
217401,9,70,1,64,1.6646502017974854,31.495439767837524,2.268974781036377,1.3059,52.83,56.62,0.000531,0.000708,0.000708,64,0.127,0.2,5.0
217401,9,70,2,64,1.6718554496765137,30.95379614830017,2.266125202178955,0.9755,65.2,66.66,0.000163,0.000162,0.000162,64,0.143,0.192,5.0
217401,9,70,3,64,1.659090280532837,30.967252254486084,2.263740301132202,0.9312,66.81,69.72,0.000125,0.000124,0.000124,64,0.128,0.179,5.0
217401,9,70,4,128,1.666867733001709,16.150190353393555,2.2688145637512207,0.9301,66.75,68.01,0.000133,0.000133,0.000133,128,0.127,0.2,5.0
217401,10,70,0,256,1.6602222919464111,10.162851333618164,2.269524097442627,1.0175,63.6,65.39,0.000672,0.000668,0.000668,256,0.141,0.166,5.0
217401,10,70,1,64,1.6690924167633057,31.26613426208496,2.268176555633545,1.2976,53.2,56.27,0.000708,0.000885,0.000885,64,0.127,0.2,5.0
217401,10,70,2,64,1.6599254608154297,31.162353992462158,2.27384877204895,0.926,66.83,65.95,0.000162,0.000161,0.000161,64,0.143,0.192,5.0
217401,10,70,3,64,1.6717791557312012,31.626412630081177,2.2707834243774414,0.8804,68.52,69.38,0.000124,0.000124,0.000124,64,0.128,0.179,5.0
217401,10,70,4,128,1.661961317062378,17.193585872650146,2.272833824157715,0.8775,68.88,69.08,0.000133,0.000132,0.000132,128,0.127,0.2,5.0
217401,11,70,0,256,1.6774733066558838,10.688251733779907,2.269798517227173,0.9803,65.0,65.73,0.000668,0.000664,0.000664,256,0.141,0.166,5.0
217401,11,70,1,64,1.6699647903442383,31.463973999023438,2.2719717025756836,0.8102,71.37,69.37,1.88e-07,0.000147,0.000147,64,0.128,0.179,5.0
217401,11,70,2,64,1.6741828918457031,32.467698097229004,2.2702176570892334,0.8797,68.7,70.11,0.000161,0.00016,0.00016,64,0.143,0.192,5.0
217401,11,70,3,64,1.6617698669433594,31.13283085823059,2.276900291442871,0.8362,70.52,70.92,0.000124,0.000123,0.000123,64,0.128,0.179,5.0
217401,11,70,4,128,1.6743826866149902,15.980184555053711,2.2683587074279785,0.8338,70.41,70.72,0.000132,0.000131,0.000131,128,0.127,0.2,5.0
217401,12,70,0,256,1.6668434143066406,10.20642638206482,2.2752182483673096,0.9363,66.59,68.39,0.000664,0.000659,0.000659,256,0.141,0.166,5.0
217401,12,70,1,64,1.6744701862335205,31.32521677017212,2.2657198905944824,0.94,66.66,65.24,0.000147,0.000294,0.000294,64,0.128,0.179,5.0
217401,12,70,2,64,1.6596150398254395,31.232362985610962,2.280627489089966,0.8443,70.09,72.98,0.00016,0.000159,0.000159,64,0.143,0.192,5.0
217401,12,70,3,64,1.6733407974243164,31.709677934646606,2.298640727996826,0.7948,71.96,71.46,0.000123,0.000122,0.000122,64,0.128,0.179,5.0
217401,12,70,4,128,1.658296823501587,16.246445655822754,2.2866649627685547,0.7946,72.03,72.21,0.000131,0.00013,0.00013,128,0.127,0.2,5.0
217401,13,70,0,256,1.664496898651123,10.341058254241943,2.276405096054077,0.9046,67.77,70.4,0.000659,0.000653,0.000653,256,0.141,0.166,5.0
217401,13,70,1,64,1.658564805984497,31.191986322402954,2.2750790119171143,1.0345,63.44,64.83,0.000294,0.00044,0.00044,64,0.128,0.179,5.0
217401,13,70,2,64,1.6703064441680908,32.316110134124756,2.2879271507263184,0.8015,71.54,72.21,0.000159,0.000158,0.000158,64,0.143,0.192,5.0
217401,13,70,3,64,1.6627864837646484,31.784127235412598,2.2733747959136963,0.7603,73.22,72.64,0.000122,0.000121,0.000121,64,0.128,0.179,5.0
217401,13,70,4,128,1.666717290878296,16.237842559814453,2.272378921508789,0.7626,73.2,71.74,0.00013,0.000129,0.000129,128,0.127,0.2,5.0
217401,14,70,0,256,1.6603715419769287,10.183881044387817,2.2696521282196045,0.8594,69.31,69.73,0.000653,0.000647,0.000647,256,0.141,0.166,5.0
217401,14,70,1,64,1.6782429218292236,32.15739440917969,2.272698402404785,1.0568,62.51,63.39,0.00044,0.000587,0.000587,64,0.128,0.179,5.0
217401,14,70,2,64,1.6624600887298584,31.560518980026245,2.275766134262085,0.7659,72.9,73.62,0.000158,0.000156,0.000156,64,0.143,0.192,5.0
217401,14,70,3,64,1.669693946838379,31.862857580184937,2.2829601764678955,0.7342,74.04,73.97,0.000121,0.00012,0.00012,64,0.128,0.179,5.0
217401,14,70,4,128,1.6623244285583496,16.557213306427002,2.2726645469665527,0.7324,74.01,73.97,0.000129,0.000128,0.000128,128,0.127,0.2,5.0
217401,15,70,0,256,1.6737940311431885,10.206254959106445,2.276733875274658,0.8266,70.62,72.01,0.000647,0.000639,0.000639,256,0.141,0.166,5.0
217401,15,70,1,64,1.663158655166626,31.269457578659058,2.2770254611968994,1.0609,62.14,61.72,0.000587,0.000733,0.000733,64,0.128,0.179,5.0
217401,15,70,2,64,1.6725823879241943,32.353310108184814,2.268758773803711,0.738,73.9,75.05,0.000156,0.000154,0.000154,64,0.143,0.192,5.0
217401,15,70,3,64,1.6573870182037354,31.080914974212646,2.2841436862945557,0.7014,75.04,74.52,0.00012,0.000118,0.000118,64,0.128,0.179,5.0
217401,15,70,4,128,1.671220302581787,16.602943181991577,2.283660888671875,0.6986,75.32,73.96,0.000128,0.000126,0.000126,128,0.127,0.2,5.0
217401,16,70,0,256,1.6634056568145752,10.21692705154419,2.2741470336914062,0.7978,71.73,73.3,0.000639,0.000631,0.000631,256,0.141,0.166,5.0
217401,16,70,1,128,1.6646513938903809,16.236555099487305,2.2728641033172607,0.6217,77.87,77.46,3.66e-07,0.000143,0.000143,128,0.143,0.192,5.0
217401,16,70,2,64,1.666480302810669,31.886247158050537,2.2801449298858643,0.7078,74.85,73.56,0.000154,0.000153,0.000153,64,0.143,0.192,5.0
217401,16,70,3,64,1.6776578426361084,31.76635456085205,2.269473075866699,0.6622,76.68,74.83,0.000118,0.000117,0.000117,64,0.128,0.179,5.0
217401,16,70,4,128,1.6661632061004639,16.569061517715454,2.2816641330718994,0.6719,76.32,75.56,0.000126,0.000125,0.000125,128,0.127,0.2,5.0
217401,17,70,0,256,1.6698918342590332,10.311199426651001,2.268543243408203,0.7701,72.59,72.8,0.000631,0.000623,0.000623,256,0.141,0.166,5.0
217401,17,70,1,128,1.6639986038208008,18.048043489456177,2.2709944248199463,0.6788,76.25,74.86,0.000143,0.000286,0.000286,128,0.143,0.192,5.0
217401,17,70,2,64,1.6695184707641602,32.02009057998657,2.271172523498535,0.6808,75.83,74.28,0.000153,0.00015,0.00015,64,0.143,0.192,5.0
217401,17,70,3,64,1.6648871898651123,32.14139723777771,2.2838633060455322,0.6438,77.15,76.56,0.000117,0.000115,0.000115,64,0.128,0.179,5.0
217401,17,70,4,128,1.6688861846923828,16.345139741897583,2.2718346118927,0.6434,77.23,76.76,0.000125,0.000123,0.000123,128,0.127,0.2,5.0
217401,18,70,0,256,1.6681301593780518,10.325829982757568,2.2799973487854004,0.7377,73.69,73.95,0.000623,0.000614,0.000614,256,0.141,0.166,5.0
217401,18,70,1,128,1.6728529930114746,16.950942039489746,2.273958444595337,0.761,72.93,73.39,0.000286,0.00043,0.00043,128,0.143,0.192,5.0
217401,18,70,2,64,1.6593968868255615,32.14374017715454,2.286480188369751,0.6476,77.08,76.85,0.00015,0.000148,0.000148,64,0.143,0.192,5.0
217401,18,70,3,64,1.6764979362487793,33.37592101097107,2.293458938598633,0.6083,78.52,76.84,0.000115,0.000113,0.000113,64,0.128,0.179,5.0
217401,18,70,4,128,1.658055305480957,16.474231719970703,2.275348424911499,0.6127,78.37,77.54,0.000123,0.000121,0.000121,128,0.127,0.2,5.0
217401,19,70,0,256,1.6671466827392578,10.351425409317017,2.2805826663970947,0.7085,74.85,73.36,0.000614,0.000604,0.000604,256,0.141,0.166,5.0
217401,19,70,1,128,1.6667041778564453,16.146867513656616,2.274630069732666,0.8141,71.14,71.99,0.00043,0.000573,0.000573,128,0.143,0.192,5.0
217401,19,70,2,64,1.674516201019287,32.273027420043945,2.2839882373809814,0.6261,77.78,77.51,0.000148,0.000146,0.000146,64,0.143,0.192,5.0
217401,19,70,3,64,1.6653006076812744,31.48213267326355,2.2719950675964355,0.5836,79.37,77.57,0.000113,0.000112,0.000112,64,0.128,0.179,5.0
217401,19,70,4,128,1.671119213104248,16.481015920639038,2.2680723667144775,0.5867,79.34,78.01,0.000121,0.000119,0.000119,128,0.127,0.2,5.0
217401,20,70,0,256,1.6610901355743408,10.345265865325928,2.28387713432312,0.6778,76.02,75.24,0.000604,0.000593,0.000593,256,0.141,0.166,5.0
217401,20,70,1,128,1.6736304759979248,16.32207226753235,2.2684946060180664,0.8498,69.81,70.9,0.000573,0.000715,0.000715,128,0.143,0.192,5.0
217401,20,70,2,64,1.6610527038574219,32.3351628780365,2.278956890106201,0.599,78.78,78.01,0.000146,0.000143,0.000143,64,0.143,0.192,5.0
217401,20,70,3,64,1.674544095993042,32.40967011451721,2.2922122478485107,0.5575,80.27,78.77,0.000112,0.00011,0.00011,64,0.128,0.179,5.0
217401,20,70,4,128,1.661393642425537,16.081516981124878,2.2714054584503174,0.5687,80.0,77.99,0.000119,0.000117,0.000117,128,0.127,0.2,5.0
217401,21,70,0,256,1.6678874492645264,10.26252794265747,2.2758750915527344,0.6561,77.01,77.02,0.000593,0.000582,0.000582,256,0.141,0.166,5.0
217401,21,70,1,128,1.6714956760406494,16.094685077667236,2.2657628059387207,0.4793,83.18,79.22,3.05e-07,0.000119,0.000119,128,0.133,0.2,5.0
217401,21,70,2,64,1.674262523651123,31.129145622253418,2.2758419513702393,0.5764,79.63,78.22,0.000143,0.000141,0.000141,64,0.143,0.192,5.0
217401,21,70,3,64,1.6642441749572754,31.825085163116455,2.2690436840057373,0.5375,80.99,77.65,0.00011,0.000108,0.000108,64,0.128,0.179,5.0
217401,21,70,4,128,1.6734192371368408,16.41980481147766,2.272712230682373,0.5399,81.17,79.02,0.000117,0.000115,0.000115,128,0.127,0.2,5.0
217401,22,70,0,256,1.656846523284912,10.436268091201782,2.2697722911834717,0.6381,77.57,75.74,0.000582,0.00057,0.00057,256,0.141,0.166,5.0
217401,22,70,1,128,1.6727900505065918,16.07411527633667,2.275642156600952,0.5562,80.28,76.79,0.000119,0.000239,0.000239,128,0.133,0.2,5.0
217401,22,70,2,64,1.6655678749084473,31.55029034614563,2.26692795753479,0.557,80.29,78.93,0.000141,0.000138,0.000138,64,0.143,0.192,5.0
217401,22,70,3,64,1.6685993671417236,31.952765941619873,2.2670319080352783,0.5114,81.84,78.69,0.000108,0.000105,0.000105,64,0.128,0.179,5.0
217401,22,70,4,128,1.6602303981781006,16.025168895721436,2.270972728729248,0.5185,81.57,80.05,0.000115,0.000113,0.000113,128,0.127,0.2,5.0
217401,23,70,0,256,1.6690850257873535,10.299397706985474,2.2665815353393555,0.6124,78.46,78.01,0.00057,0.000558,0.000558,256,0.141,0.166,5.0
217401,23,70,1,128,1.6611063480377197,16.255228757858276,2.2641334533691406,0.6553,76.95,75.94,0.000239,0.000358,0.000358,128,0.133,0.2,5.0
217401,23,70,2,64,1.6650171279907227,32.077003717422485,2.2738916873931885,0.5331,81.17,78.37,0.000138,0.000135,0.000135,64,0.143,0.192,5.0
217401,23,70,3,64,1.6611080169677734,31.555710554122925,2.28115177154541,0.4829,82.92,78.99,0.000105,0.000103,0.000103,64,0.128,0.179,5.0
217401,23,70,4,128,1.6729798316955566,16.099254369735718,2.275442600250244,0.4974,82.36,79.04,0.000113,0.00011,0.00011,128,0.127,0.2,5.0
217401,24,70,0,256,1.6688687801361084,10.302536725997925,2.279201030731201,0.5873,79.05,78.23,0.000558,0.000545,0.000545,256,0.141,0.166,5.0
217401,24,70,1,128,1.6723573207855225,16.22004985809326,2.2642951011657715,0.7231,74.44,73.8,0.000358,0.000477,0.000477,128,0.133,0.2,5.0
217401,24,70,2,64,1.661329984664917,31.403326749801636,2.2735393047332764,0.5114,82.04,80.56,0.000135,0.000132,0.000132,64,0.143,0.192,5.0
217401,24,70,3,64,1.6748406887054443,31.32688808441162,2.2716920375823975,0.4561,83.68,80.0,0.000103,0.000101,0.000101,64,0.128,0.179,5.0
217401,24,70,4,128,1.6603615283966064,16.43142318725586,2.279336929321289,0.4691,83.47,79.57,0.00011,0.000108,0.000108,128,0.127,0.2,5.0
217401,25,70,0,256,1.6721501350402832,10.322092533111572,2.282179832458496,0.573,79.49,78.22,0.000545,0.000532,0.000532,256,0.141,0.166,5.0
217401,25,70,1,128,1.6646919250488281,16.270989894866943,2.2718663215637207,0.7725,72.62,72.75,0.000477,0.000596,0.000596,128,0.133,0.2,5.0
217401,25,70,2,64,1.669266939163208,32.23219656944275,2.2770965099334717,0.4873,82.73,79.98,0.000132,0.000129,0.000129,64,0.143,0.192,5.0
217401,25,70,3,64,1.6566338539123535,31.543225526809692,2.269481897354126,0.4353,84.53,79.97,0.000101,9.85e-05,9.85e-05,64,0.128,0.179,5.0
217401,25,70,4,128,1.6751134395599365,16.077860116958618,2.27120304107666,0.4449,84.37,79.86,0.000108,0.000105,0.000105,128,0.127,0.2,5.0
217401,26,70,0,256,1.662217378616333,10.20563292503357,2.2705860137939453,0.5523,80.6,78.14,0.000532,0.000518,0.000518,256,0.141,0.166,5.0
217401,26,70,1,64,1.6642727851867676,32.96815633773804,2.292267322540283,0.3947,86.12,82.07,9.71e-08,7.6e-05,7.6e-05,64,0.113,0.2,5.0
217401,26,70,2,64,1.663952350616455,31.80444884300232,2.2710697650909424,0.4607,83.52,80.62,0.000129,0.000125,0.000125,64,0.143,0.192,5.0
217401,26,70,3,64,1.6697819232940674,32.96191143989563,2.2831077575683594,0.4164,85.18,80.24,9.85e-05,9.59e-05,9.59e-05,64,0.128,0.179,5.0
217401,26,70,4,128,1.6695570945739746,16.254966497421265,2.2749791145324707,0.4323,84.78,80.25,0.000105,0.000103,0.000103,128,0.127,0.2,5.0
217401,27,70,0,256,1.67704439163208,10.246704578399658,2.277273654937744,0.5317,81.1,79.31,0.000518,0.000504,0.000504,256,0.141,0.166,5.0
217401,27,70,1,64,1.656867504119873,32.55367612838745,2.2735097408294678,0.4275,84.83,79.36,7.6e-05,0.000152,0.000152,64,0.113,0.2,5.0
217401,27,70,2,64,1.6719965934753418,31.8159658908844,2.2716970443725586,0.4414,84.23,80.84,0.000125,0.000122,0.000122,64,0.143,0.192,5.0
217401,27,70,3,64,1.6635940074920654,33.479597091674805,2.2695930004119873,0.3899,86.2,81.09,9.59e-05,9.34e-05,9.34e-05,64,0.128,0.179,5.0
217401,27,70,4,128,1.6635031700134277,16.60543704032898,2.2679362297058105,0.4094,85.42,80.67,0.000103,9.98e-05,9.98e-05,128,0.127,0.2,5.0
217401,28,70,0,256,1.6625919342041016,10.279567956924438,2.2827394008636475,0.5085,82.0,79.09,0.000504,0.00049,0.00049,256,0.141,0.166,5.0
217401,28,70,1,64,1.6744487285614014,31.89236068725586,2.2683098316192627,0.5053,82.2,77.43,0.000152,0.000228,0.000228,64,0.113,0.2,5.0
217401,28,70,2,64,1.6673259735107422,31.498945236206055,2.2736008167266846,0.417,85.29,81.6,0.000122,0.000118,0.000118,64,0.143,0.192,5.0
217401,28,70,3,64,1.6682488918304443,32.21565532684326,2.2686479091644287,0.3705,86.9,80.79,9.34e-05,9.07e-05,9.07e-05,64,0.128,0.179,5.0
217401,28,70,4,128,1.6630537509918213,16.88138222694397,2.2807130813598633,0.3802,86.56,81.25,9.98e-05,9.7e-05,9.7e-05,128,0.127,0.2,5.0
217401,29,70,0,256,1.681290864944458,10.310744285583496,2.2656452655792236,0.4938,82.31,81.11,0.00049,0.000475,0.000475,256,0.141,0.166,5.0
217401,29,70,1,64,1.6630902290344238,31.699485778808594,2.2866079807281494,0.5806,79.32,76.68,0.000228,0.000304,0.000304,64,0.113,0.2,5.0
217401,29,70,2,64,1.6731483936309814,31.713581562042236,2.297156572341919,0.3976,85.81,81.43,0.000118,0.000115,0.000115,64,0.143,0.192,5.0
217401,29,70,3,64,1.659771203994751,33.46521210670471,2.26731014251709,0.3467,87.73,80.98,9.07e-05,8.8e-05,8.8e-05,64,0.128,0.179,5.0
217401,29,70,4,128,1.6713817119598389,16.246350288391113,2.270848035812378,0.3664,86.96,81.19,9.7e-05,9.41e-05,9.41e-05,128,0.127,0.2,5.0
217401,30,70,0,256,1.6599130630493164,10.308651447296143,2.2736127376556396,0.4726,83.34,79.64,0.000475,0.00046,0.00046,256,0.141,0.166,5.0
217401,30,70,1,64,1.6738414764404297,31.77358078956604,2.270890235900879,0.6355,77.6,75.68,0.000304,0.00038,0.00038,64,0.113,0.2,5.0
217401,30,70,2,64,1.6646080017089844,33.75772047042847,2.2802345752716064,0.3782,86.55,82.56,0.000115,0.000111,0.000111,64,0.143,0.192,5.0
217401,30,70,3,64,1.6753699779510498,33.447850704193115,2.2684359550476074,0.3283,88.27,81.82,8.8e-05,8.52e-05,8.52e-05,64,0.128,0.179,5.0
217401,30,70,4,128,1.6607072353363037,16.22150683403015,2.269413948059082,0.3411,87.95,81.44,9.41e-05,9.11e-05,9.11e-05,128,0.127,0.2,5.0
217401,31,70,0,256,1.6693787574768066,10.180534839630127,2.2807817459106445,0.4561,83.99,80.92,0.00046,0.000444,0.000444,256,0.141,0.166,5.0
217401,31,70,1,64,1.6598217487335205,31.21868586540222,2.290525197982788,0.3098,88.9,82.25,1.41e-07,0.00011,0.00011,64,0.126,0.2,5.0
217401,31,70,2,64,1.6714940071105957,31.773301124572754,2.268099069595337,0.3568,87.25,82.17,0.000111,0.000108,0.000108,64,0.143,0.192,5.0
217401,31,70,3,64,1.6629338264465332,31.34963607788086,2.2686142921447754,0.3059,89.1,82.27,8.52e-05,8.24e-05,8.24e-05,64,0.128,0.179,5.0
217401,31,70,4,128,1.6748838424682617,16.333375930786133,2.268707513809204,0.3274,88.28,81.66,9.11e-05,8.8e-05,8.8e-05,128,0.127,0.2,5.0
217401,32,70,0,256,1.6608061790466309,10.249804973602295,2.280266761779785,0.431,84.68,81.65,0.000444,0.000428,0.000428,256,0.141,0.166,5.0
217401,32,70,1,64,1.6695549488067627,32.08764910697937,2.268493413925171,0.4072,85.5,79.82,0.00011,0.00022,0.00022,64,0.126,0.2,5.0
217401,32,70,2,64,1.6590547561645508,31.20344090461731,2.274322986602783,0.3384,87.92,81.97,0.000108,0.000104,0.000104,64,0.143,0.192,5.0
217401,32,70,3,64,1.6725411415100098,31.99922251701355,2.270375967025757,0.2851,89.8,82.5,8.24e-05,7.95e-05,7.95e-05,64,0.128,0.179,5.0
217401,32,70,4,128,1.6606945991516113,15.973119735717773,2.287670850753784,0.3028,89.24,81.73,8.8e-05,8.5e-05,8.5e-05,128,0.127,0.2,5.0
217401,33,70,0,256,1.6712942123413086,10.26516580581665,2.271005630493164,0.4088,85.61,82.13,0.000428,0.000413,0.000413,256,0.141,0.166,5.0
217401,33,70,1,64,1.6619040966033936,30.915184020996094,2.27238130569458,0.5343,81.02,76.14,0.00022,0.00033,0.00033,64,0.126,0.2,5.0
217401,33,70,2,64,1.6734230518341064,31.436787366867065,2.280155658721924,0.3215,88.48,82.26,0.000104,0.0001,0.0001,64,0.143,0.192,5.0
217401,33,70,3,64,1.66513991355896,31.40053105354309,2.2706823348999023,0.2693,90.32,82.48,7.95e-05,7.66e-05,7.66e-05,64,0.128,0.179,5.0
217401,33,70,4,128,1.6691126823425293,16.329758644104004,2.2681045532226562,0.2896,89.8,81.74,8.5e-05,8.18e-05,8.18e-05,128,0.127,0.2,5.0
217401,34,70,0,256,1.6607682704925537,10.297672748565674,2.276315927505493,0.3925,86.0,83.14,0.000413,0.000397,0.000397,256,0.141,0.166,5.0
217401,34,70,1,64,1.6843359470367432,32.468337535858154,2.269941806793213,0.6317,77.56,73.74,0.00033,0.00044,0.00044,64,0.126,0.2,5.0
217401,34,70,2,64,1.6636338233947754,31.8132381439209,2.2789065837860107,0.3013,89.21,82.43,0.0001,9.61e-05,9.61e-05,64,0.143,0.192,5.0
217401,34,70,3,64,1.6706433296203613,30.986047506332397,2.2755320072174072,0.2447,91.3,82.39,7.66e-05,7.36e-05,7.36e-05,64,0.128,0.179,5.0
217401,34,70,4,128,1.663956880569458,16.231775522232056,2.2717535495758057,0.2689,90.36,81.44,8.18e-05,7.87e-05,7.87e-05,128,0.127,0.2,5.0
217401,35,70,0,256,1.670314073562622,10.285987854003906,2.294107437133789,0.3767,86.68,83.14,0.000397,0.00038,0.00038,256,0.141,0.166,5.0
217401,35,70,1,64,1.657747507095337,32.26707577705383,2.2765510082244873,0.6923,75.59,73.55,0.00044,0.000549,0.000549,64,0.126,0.2,5.0
217401,35,70,2,64,1.670872449874878,31.902740240097046,2.2688841819763184,0.2798,89.95,82.49,9.61e-05,9.22e-05,9.22e-05,64,0.143,0.192,5.0
217401,35,70,3,64,1.6642522811889648,31.49370765686035,2.2715003490448,0.2283,91.85,82.55,7.36e-05,7.06e-05,7.06e-05,64,0.128,0.179,5.0
217401,35,70,4,128,1.6708369255065918,15.953524827957153,2.264868974685669,0.2508,91.02,82.0,7.87e-05,7.55e-05,7.55e-05,128,0.127,0.2,5.0
217401,36,70,0,256,1.656397819519043,10.252022504806519,2.2826619148254395,0.3547,87.32,81.88,0.00038,0.000364,0.000364,256,0.141,0.166,5.0
217401,36,70,1,64,1.6668345928192139,32.83874034881592,2.2688841819763184,0.3051,89.25,83.32,1.61e-07,0.000126,0.000126,64,0.141,0.166,5.0
217401,36,70,2,64,1.6573407649993896,30.90142035484314,2.274171829223633,0.2665,90.39,83.09,9.22e-05,8.83e-05,8.83e-05,64,0.143,0.192,5.0
217401,36,70,3,64,1.6743946075439453,32.26994299888611,2.284365653991699,0.2163,92.36,82.47,7.06e-05,6.77e-05,6.77e-05,64,0.128,0.179,5.0
217401,36,70,4,128,1.6637904644012451,15.993120193481445,2.272512674331665,0.2365,91.58,82.03,7.55e-05,7.23e-05,7.23e-05,128,0.127,0.2,5.0
217401,37,70,0,256,1.6657660007476807,10.222031354904175,2.270920753479004,0.3364,87.97,82.61,0.000364,0.000348,0.000348,256,0.141,0.166,5.0
217401,37,70,1,64,1.662057876586914,32.26187515258789,2.2741103172302246,0.3703,86.81,80.88,0.000126,0.000252,0.000252,64,0.141,0.166,5.0
217401,37,70,2,64,1.6723949909210205,31.238469123840332,2.2849316596984863,0.2498,91.08,83.59,8.83e-05,8.44e-05,8.44e-05,64,0.143,0.192,5.0
217401,37,70,3,64,1.6656250953674316,32.12302112579346,2.2688612937927246,0.1986,92.93,83.35,6.77e-05,6.47e-05,6.47e-05,64,0.128,0.179,5.0
217401,37,70,4,128,1.6696698665618896,15.981107950210571,2.270043134689331,0.2197,92.15,82.93,7.23e-05,6.91e-05,6.91e-05,128,0.127,0.2,5.0
217401,38,70,0,256,1.6620633602142334,10.270229816436768,2.2704317569732666,0.3163,88.73,83.06,0.000348,0.000331,0.000331,256,0.141,0.166,5.0
217401,38,70,1,64,1.6711013317108154,31.71755337715149,2.2648985385894775,0.4608,83.53,78.72,0.000252,0.000378,0.000378,64,0.141,0.166,5.0
217401,38,70,2,64,1.660193920135498,31.911097764968872,2.2739481925964355,0.2274,91.9,83.67,8.44e-05,8.04e-05,8.04e-05,64,0.143,0.192,5.0
217401,38,70,3,64,1.6686527729034424,31.296364545822144,2.272801160812378,0.1798,93.65,82.34,6.47e-05,6.16e-05,6.16e-05,64,0.128,0.179,5.0
217401,38,70,4,128,1.6581931114196777,17.605296850204468,2.2835397720336914,0.2017,92.89,82.45,6.91e-05,6.59e-05,6.59e-05,128,0.127,0.2,5.0
217401,39,70,0,256,1.669954538345337,10.248300790786743,2.2773375511169434,0.2992,89.36,83.02,0.000331,0.000315,0.000315,256,0.141,0.166,5.0
217401,39,70,1,64,1.6593115329742432,33.63300395011902,2.276855707168579,0.5525,80.28,76.85,0.000378,0.000503,0.000503,64,0.141,0.166,5.0
217401,39,70,2,64,1.6832146644592285,32.26246762275696,2.2782328128814697,0.2084,92.52,83.24,8.04e-05,7.65e-05,7.65e-05,64,0.143,0.192,5.0
217401,39,70,3,64,1.6527597904205322,31.7104434967041,2.2720160484313965,0.1682,93.99,82.72,6.16e-05,5.86e-05,5.86e-05,64,0.128,0.179,5.0
217401,39,70,4,128,1.6687631607055664,16.06700873374939,2.2760367393493652,0.1868,93.42,82.2,6.59e-05,6.27e-05,6.27e-05,128,0.127,0.2,5.0
217401,40,70,0,256,1.6681900024414062,10.177477598190308,2.2748072147369385,0.2771,90.21,82.4,0.000315,0.000299,0.000299,256,0.141,0.166,5.0
217401,40,70,1,64,1.664444923400879,31.041006326675415,2.272149085998535,0.6171,78.28,77.02,0.000503,0.000629,0.000629,64,0.141,0.166,5.0
217401,40,70,2,64,1.6623485088348389,32.68084120750427,2.2941536903381348,0.196,93.01,83.41,7.65e-05,7.26e-05,7.26e-05,64,0.143,0.192,5.0
217401,40,70,3,64,1.6700224876403809,32.12835669517517,2.2680227756500244,0.1552,94.44,83.02,5.86e-05,5.57e-05,5.57e-05,64,0.128,0.179,5.0
217401,40,70,4,128,1.6595923900604248,16.700225114822388,2.274542808532715,0.1699,93.95,82.43,6.27e-05,5.95e-05,5.95e-05,128,0.127,0.2,5.0
217401,41,70,0,256,1.6705849170684814,10.238158941268921,2.273423194885254,0.259,90.58,83.48,0.000299,0.000283,0.000283,256,0.141,0.166,5.0
217401,41,70,1,64,1.6631038188934326,31.0285484790802,2.2688839435577393,0.1964,93.0,82.22,1.97e-07,0.000154,0.000154,64,0.116,0.144,5.0
217401,41,70,2,64,1.6735749244689941,31.203678846359253,2.2721304893493652,0.1824,93.52,83.07,7.26e-05,6.87e-05,6.87e-05,64,0.143,0.192,5.0
217401,41,70,3,64,1.6611781120300293,31.594932317733765,2.2701303958892822,0.137,95.21,82.2,5.57e-05,5.27e-05,5.27e-05,64,0.128,0.179,5.0
217401,41,70,4,128,1.6695492267608643,16.22478437423706,2.271623373031616,0.1616,94.28,82.44,5.95e-05,5.63e-05,5.63e-05,128,0.127,0.2,5.0
217401,42,70,0,256,1.6634478569030762,10.272939920425415,2.2715258598327637,0.2421,91.38,82.66,0.000283,0.000266,0.000266,256,0.141,0.166,5.0
217401,42,70,1,64,1.672184944152832,31.116908311843872,2.2708067893981934,0.3889,86.06,78.45,0.000154,0.000308,0.000308,64,0.116,0.144,5.0
217401,42,70,2,64,1.668168544769287,31.57525086402893,2.2732555866241455,0.1738,93.77,84.07,6.87e-05,6.48e-05,6.48e-05,64,0.143,0.192,5.0
217401,42,70,3,64,1.6760015487670898,32.38741207122803,2.26590895652771,0.1319,95.33,83.1,5.27e-05,4.97e-05,4.97e-05,64,0.128,0.179,5.0
217401,42,70,4,128,1.66060209274292,16.234621286392212,2.2800819873809814,0.1474,94.76,82.49,5.63e-05,5.31e-05,5.31e-05,128,0.127,0.2,5.0
217401,43,70,0,256,1.6712265014648438,10.208683252334595,2.269218683242798,0.2215,92.05,83.95,0.000266,0.000251,0.000251,256,0.141,0.166,5.0
217401,43,70,1,64,1.6603856086730957,31.203076601028442,2.2808868885040283,0.5559,80.18,76.32,0.000308,0.000462,0.000462,64,0.116,0.144,5.0
217401,43,70,2,64,1.667325735092163,31.153255462646484,2.2877113819122314,0.1559,94.47,84.08,6.48e-05,6.1e-05,6.1e-05,64,0.143,0.192,5.0
217401,43,70,3,64,1.6643600463867188,31.134324550628662,2.2697882652282715,0.118,95.75,83.23,4.97e-05,4.68e-05,4.68e-05,64,0.128,0.179,5.0
217401,43,70,4,128,1.6729543209075928,16.0880024433136,2.2673404216766357,0.1347,95.23,82.69,5.31e-05,5e-05,5e-05,128,0.127,0.2,5.0
217401,44,70,0,256,1.6636333465576172,10.283677339553833,2.278442621231079,0.2022,92.77,83.85,0.000251,0.000235,0.000235,256,0.141,0.166,5.0
217401,44,70,1,64,1.6673221588134766,31.692380905151367,2.2758584022521973,0.6674,76.42,73.96,0.000462,0.000615,0.000615,64,0.116,0.144,5.0
217401,44,70,2,64,1.6652247905731201,31.57308578491211,2.26770281791687,0.1438,94.84,83.69,6.1e-05,5.72e-05,5.72e-05,64,0.143,0.192,5.0
217401,44,70,3,64,1.6723697185516357,31.49998950958252,2.2691845893859863,0.1084,96.21,82.88,4.68e-05,4.39e-05,4.39e-05,64,0.128,0.179,5.0
217401,44,70,4,128,1.6675217151641846,16.642412662506104,2.270524263381958,0.1234,95.7,82.81,5e-05,4.69e-05,4.69e-05,128,0.127,0.2,5.0
217401,45,70,0,256,1.6716701984405518,10.288119077682495,2.2687768936157227,0.1911,93.19,83.81,0.000235,0.000219,0.000219,256,0.141,0.166,5.0
217401,45,70,1,64,1.6626160144805908,32.18181872367859,2.268486261367798,0.7487,73.3,71.79,0.000615,0.000769,0.000769,64,0.116,0.144,5.0
217401,45,70,2,64,1.6812939643859863,31.25848627090454,2.2734713554382324,0.1321,95.29,84.02,5.72e-05,5.35e-05,5.35e-05,64,0.143,0.192,5.0
217401,45,70,3,64,1.6552753448486328,31.34098768234253,2.2748701572418213,0.0985,96.54,83.12,4.39e-05,4.11e-05,4.11e-05,64,0.128,0.179,5.0
217401,45,70,4,128,1.6672396659851074,16.099193334579468,2.26914381980896,0.1091,96.18,82.93,4.69e-05,4.39e-05,4.39e-05,128,0.127,0.2,5.0
217401,46,70,0,256,1.6580901145935059,10.331845045089722,2.2732174396514893,0.1743,93.74,83.82,0.000219,0.000204,0.000204,256,0.141,0.166,5.0
217401,46,70,1,64,1.6803834438323975,31.3398699760437,2.265713930130005,0.1439,94.84,81.26,1.71e-07,0.000134,0.000134,64,0.135,0.132,5.0
217401,46,70,2,64,1.669079303741455,31.847975492477417,2.275392532348633,0.1221,95.73,83.78,5.35e-05,4.99e-05,4.99e-05,64,0.143,0.192,5.0
217401,46,70,3,64,1.6801083087921143,32.22596573829651,2.274442672729492,0.0916,96.83,83.02,4.11e-05,3.83e-05,3.83e-05,64,0.128,0.179,5.0
217401,46,70,4,128,1.6631810665130615,16.61084794998169,2.2880144119262695,0.1019,96.42,82.87,4.39e-05,4.09e-05,4.09e-05,128,0.127,0.2,5.0
217401,47,70,0,256,1.6737289428710938,10.247265338897705,2.2706968784332275,0.1574,94.42,83.94,0.000204,0.000189,0.000189,256,0.141,0.166,5.0
217401,47,70,1,64,1.6626338958740234,31.646087408065796,2.291527032852173,0.3265,88.39,79.36,0.000134,0.000267,0.000267,64,0.135,0.132,5.0
217401,47,70,2,64,1.6765384674072266,31.693739891052246,2.269620180130005,0.1127,96.04,84.1,4.99e-05,4.63e-05,4.63e-05,64,0.143,0.192,5.0
217401,47,70,3,64,1.6566987037658691,31.89834213256836,2.277538537979126,0.0833,97.08,82.96,3.83e-05,3.56e-05,3.56e-05,64,0.128,0.179,5.0
217401,47,70,4,128,1.6709208488464355,16.256027460098267,2.2779245376586914,0.096,96.67,83.13,4.09e-05,3.8e-05,3.8e-05,128,0.127,0.2,5.0
217401,48,70,0,256,1.6606504917144775,10.231359958648682,2.272719144821167,0.1458,94.92,83.48,0.000189,0.000175,0.000175,256,0.141,0.166,5.0
217401,48,70,1,64,1.6685452461242676,32.16248631477356,2.2773005962371826,0.4833,82.71,77.3,0.000267,0.000401,0.000401,64,0.135,0.132,5.0
217401,48,70,2,64,1.6636464595794678,31.758831024169922,2.2662720680236816,0.107,96.29,84.2,4.63e-05,4.28e-05,4.28e-05,64,0.143,0.192,5.0
217401,48,70,3,64,1.670262098312378,31.109060049057007,2.269474983215332,0.0737,97.4,82.79,3.56e-05,3.29e-05,3.29e-05,64,0.128,0.179,5.0
217401,48,70,4,128,1.6615869998931885,16.29068374633789,2.269859552383423,0.0867,97.02,83.27,3.8e-05,3.52e-05,3.52e-05,128,0.127,0.2,5.0
217401,49,70,0,256,1.6627068519592285,10.345163106918335,2.2699692249298096,0.1303,95.38,84.01,0.000175,0.000161,0.000161,256,0.141,0.166,5.0
217401,49,70,1,64,1.6579039096832275,31.74605441093445,2.27880597114563,0.6004,78.55,75.03,0.000401,0.000534,0.000534,64,0.135,0.132,5.0
217401,49,70,2,64,1.6741230487823486,31.238758325576782,2.27127742767334,0.0941,96.65,84.39,4.28e-05,3.94e-05,3.94e-05,64,0.143,0.192,5.0
217401,49,70,3,64,1.670898675918579,31.56148099899292,2.270650625228882,0.0723,97.45,82.9,3.29e-05,3.04e-05,3.04e-05,64,0.128,0.179,5.0
217401,49,70,4,128,1.6736392974853516,15.995829105377197,2.2686774730682373,0.0778,97.36,83.31,3.52e-05,3.24e-05,3.24e-05,128,0.127,0.2,5.0
217401,50,70,0,256,1.6610238552093506,10.303799867630005,2.2701590061187744,0.122,95.72,83.75,0.000161,0.000147,0.000147,256,0.141,0.166,5.0
217401,50,70,1,64,1.6652214527130127,32.51995229721069,2.3024721145629883,0.6893,75.62,72.46,0.000534,0.000667,0.000667,64,0.135,0.132,5.0
217401,50,70,2,64,1.6581768989562988,31.255175352096558,2.2711493968963623,0.0884,96.89,84.89,3.94e-05,3.62e-05,3.62e-05,64,0.143,0.192,5.0
217401,50,70,3,64,1.6708133220672607,31.1697096824646,2.2665939331054688,0.062,97.92,83.44,3.04e-05,2.78e-05,2.78e-05,64,0.128,0.179,5.0
217401,50,70,4,128,1.6628432273864746,16.428175926208496,2.2790849208831787,0.0737,97.42,83.41,3.24e-05,2.97e-05,2.97e-05,128,0.127,0.2,5.0
217401,51,70,0,256,1.6714568138122559,10.215481758117676,2.2711689472198486,0.1077,96.29,84.08,0.000147,0.000134,0.000134,256,0.141,0.166,5.0
217401,51,70,1,64,1.6552975177764893,31.112311840057373,2.274761438369751,0.1645,94.18,79.9,2.53e-07,0.000198,0.000198,64,0.128,0.117,5.0
217401,51,70,2,64,1.6704955101013184,31.90468406677246,2.2702693939208984,0.0812,97.18,84.51,3.62e-05,3.3e-05,3.3e-05,64,0.143,0.192,5.0
217401,51,70,3,64,1.6607270240783691,31.631855487823486,2.2728664875030518,0.0572,98.04,83.05,2.78e-05,2.54e-05,2.54e-05,64,0.128,0.179,5.0
217401,51,70,4,128,1.6700084209442139,16.282803058624268,2.267256736755371,0.0675,97.76,83.35,2.97e-05,2.71e-05,2.71e-05,128,0.127,0.2,5.0
217401,52,70,0,256,1.6648313999176025,10.343635082244873,2.265624761581421,0.0971,96.68,84.34,0.000134,0.000121,0.000121,256,0.141,0.166,5.0
217401,52,70,1,64,1.6730093955993652,32.19439482688904,2.2808449268341064,0.4337,84.48,76.48,0.000198,0.000397,0.000397,64,0.128,0.117,5.0
217401,52,70,2,64,1.6597084999084473,31.367352962493896,2.2826387882232666,0.0736,97.4,85.02,3.3e-05,2.99e-05,2.99e-05,64,0.143,0.192,5.0
217401,52,70,3,64,1.6689386367797852,33.344239234924316,2.2835991382598877,0.0536,98.15,83.19,2.54e-05,2.31e-05,2.31e-05,64,0.128,0.179,5.0
217401,52,70,4,128,1.6635031700134277,16.236711978912354,2.2735865116119385,0.0609,97.91,83.76,2.71e-05,2.46e-05,2.46e-05,128,0.127,0.2,5.0
217401,53,70,0,256,1.673203468322754,10.238816499710083,2.2720868587493896,0.0879,96.82,84.2,0.000121,0.000109,0.000109,256,0.141,0.166,5.0
217401,53,70,1,64,1.665281057357788,32.52647614479065,2.2869062423706055,0.6188,78.14,75.08,0.000397,0.000595,0.000595,64,0.128,0.117,5.0
217401,53,70,2,64,1.6709787845611572,32.051007986068726,2.2699341773986816,0.0648,97.69,84.84,2.99e-05,2.7e-05,2.7e-05,64,0.143,0.192,5.0
217401,53,70,3,64,1.6612751483917236,34.03554892539978,2.2718636989593506,0.0473,98.37,83.57,2.31e-05,2.08e-05,2.08e-05,64,0.128,0.179,5.0
217401,53,70,4,128,1.6737053394317627,16.294629335403442,2.267538070678711,0.0539,98.17,83.38,2.46e-05,2.22e-05,2.22e-05,128,0.127,0.2,5.0
217401,54,70,0,256,1.6604647636413574,10.29674744606018,2.2727715969085693,0.077,97.4,84.68,0.000109,9.72e-05,9.72e-05,256,0.141,0.166,5.0
217401,54,70,1,64,1.6715316772460938,31.48989224433899,2.271040201187134,0.7424,73.68,71.22,0.000595,0.000793,0.000793,64,0.128,0.117,5.0
217401,54,70,2,64,1.663512945175171,31.125782251358032,2.2754106521606445,0.0613,97.89,84.77,2.7e-05,2.41e-05,2.41e-05,64,0.143,0.192,5.0
217401,54,70,3,64,1.6715576648712158,31.953537464141846,2.2715415954589844,0.0452,98.52,83.59,2.08e-05,1.87e-05,1.87e-05,64,0.128,0.179,5.0
217401,54,70,4,128,1.6700775623321533,16.294211626052856,2.2753641605377197,0.0506,98.32,83.67,2.22e-05,1.99e-05,1.99e-05,128,0.127,0.2,5.0
217401,55,70,0,256,1.671382188796997,10.312879800796509,2.2719404697418213,0.0705,97.61,84.83,9.72e-05,8.61e-05,8.61e-05,256,0.141,0.166,5.0
217401,55,70,1,64,1.661015510559082,31.49620485305786,2.2792890071868896,0.8089,71.74,66.57,0.000793,0.000991,0.000991,64,0.128,0.117,5.0
217401,55,70,2,64,1.6702613830566406,32.15064525604248,2.2809927463531494,0.0565,98.06,84.62,2.41e-05,2.15e-05,2.15e-05,64,0.143,0.192,5.0
217401,55,70,3,64,1.658313274383545,31.105165004730225,2.2773385047912598,0.04,98.7,83.73,1.87e-05,1.66e-05,1.66e-05,64,0.128,0.179,5.0
217401,55,70,4,128,1.6699552536010742,16.038166522979736,2.2775046825408936,0.047,98.4,83.76,1.99e-05,1.77e-05,1.77e-05,128,0.127,0.2,5.0
217401,56,70,0,256,1.6640522480010986,10.298529148101807,2.269683361053467,0.0656,97.8,84.77,8.61e-05,7.56e-05,7.56e-05,256,0.141,0.166,5.0
217401,56,70,1,64,1.6752517223358154,31.58729100227356,2.267972946166992,0.1385,95.22,82.24,2.56e-07,0.0002,0.0002,64,0.149,0.111,5.0
217401,56,70,2,64,1.6610946655273438,32.622976779937744,2.2774696350097656,0.0529,98.16,84.77,2.15e-05,1.89e-05,1.89e-05,64,0.143,0.192,5.0
217401,56,70,3,64,1.6754469871520996,31.569989681243896,2.28593373298645,0.0365,98.75,83.46,1.66e-05,1.47e-05,1.47e-05,64,0.128,0.179,5.0
217401,56,70,4,128,1.6631245613098145,16.614027738571167,2.275817632675171,0.0414,98.65,83.39,1.77e-05,1.56e-05,1.56e-05,128,0.127,0.2,5.0
217401,57,70,0,256,1.6739768981933594,10.306004762649536,2.277329444885254,0.0597,97.94,84.76,7.56e-05,6.56e-05,6.56e-05,256,0.141,0.166,5.0
217401,57,70,1,64,1.662245512008667,31.88458275794983,2.268817186355591,0.3428,87.81,79.51,0.0002,0.0004,0.0004,64,0.149,0.111,5.0
217401,57,70,2,64,1.6745667457580566,31.66943097114563,2.2721872329711914,0.0471,98.44,84.89,1.89e-05,1.65e-05,1.65e-05,64,0.143,0.192,5.0
217401,57,70,3,64,1.6669797897338867,31.25450301170349,2.2699942588806152,0.0329,98.94,83.97,1.47e-05,1.29e-05,1.29e-05,64,0.128,0.179,5.0
217401,57,70,4,128,1.6788921356201172,16.326908588409424,2.274183511734009,0.0374,98.82,83.78,1.56e-05,1.37e-05,1.37e-05,128,0.127,0.2,5.0
217401,58,70,0,256,1.6569693088531494,10.338621139526367,2.2760815620422363,0.0533,98.18,84.7,6.56e-05,5.63e-05,5.63e-05,256,0.141,0.166,5.0
217401,58,70,1,64,1.6738691329956055,31.365162134170532,2.292111396789551,0.5025,82.16,76.81,0.0004,0.0006,0.0006,64,0.149,0.111,5.0
217401,58,70,2,64,1.6621463298797607,31.78343176841736,2.286930799484253,0.0478,98.33,85.12,1.65e-05,1.43e-05,1.43e-05,64,0.143,0.192,5.0
217401,58,70,3,64,1.6724796295166016,32.90347194671631,2.273256778717041,0.0301,98.99,83.92,1.29e-05,1.12e-05,1.12e-05,64,0.128,0.179,5.0
217401,58,70,4,128,1.6581082344055176,16.099796295166016,2.280285358428955,0.0354,98.81,83.64,1.37e-05,1.19e-05,1.19e-05,128,0.127,0.2,5.0
217401,59,70,0,256,1.6639206409454346,10.324613571166992,2.2803585529327393,0.0488,98.33,84.92,5.63e-05,4.77e-05,4.77e-05,256,0.141,0.166,5.0
217401,59,70,1,64,1.6624000072479248,32.5085883140564,2.2758853435516357,0.6194,78.2,75.48,0.0006,0.0008,0.0008,64,0.149,0.111,5.0
217401,59,70,2,64,1.6767873764038086,31.75595188140869,2.2705416679382324,0.042,98.65,85.12,1.43e-05,1.22e-05,1.22e-05,64,0.143,0.192,5.0
217401,59,70,3,64,1.659158706665039,32.08113956451416,2.27215576171875,0.027,99.13,83.74,1.12e-05,9.58e-06,9.58e-06,64,0.128,0.179,5.0
217401,59,70,4,128,1.6722326278686523,16.042880535125732,2.275803327560425,0.0318,98.97,83.91,1.19e-05,1.02e-05,1.02e-05,128,0.127,0.2,5.0
217401,60,70,0,256,1.65952467918396,10.302916049957275,2.2718758583068848,0.045,98.5,84.82,4.77e-05,3.97e-05,3.97e-05,256,0.141,0.166,5.0
217401,60,70,1,64,1.6686818599700928,32.217108726501465,2.2724642753601074,0.7123,74.79,72.51,0.0008,0.001,0.001,64,0.149,0.111,5.0
217401,60,70,2,64,1.6627767086029053,32.41944646835327,2.272252321243286,0.0397,98.63,85.3,1.22e-05,1.03e-05,1.03e-05,64,0.143,0.192,5.0
217401,60,70,3,64,1.6794333457946777,31.3267560005188,2.2759063243865967,0.0257,99.16,84.17,9.58e-06,8.12e-06,8.12e-06,64,0.128,0.179,5.0
217401,60,70,4,128,1.6591925621032715,16.987417221069336,2.27445912361145,0.0304,99.05,83.77,1.02e-05,8.61e-06,8.61e-06,128,0.127,0.2,5.0
217401,61,70,0,256,1.6728453636169434,10.182213306427002,2.2745862007141113,0.0405,98.64,84.96,3.97e-05,3.25e-05,3.25e-05,256,0.141,0.166,5.0
217401,61,70,1,64,1.6629691123962402,32.45905780792236,2.2711422443389893,0.1451,94.91,81.43,2.56e-07,0.0002,0.0002,64,0.15,0.132,5.0
217401,61,70,2,64,1.6750307083129883,31.54870319366455,2.2703990936279297,0.0367,98.83,85.0,1.03e-05,8.58e-06,8.58e-06,64,0.143,0.192,5.0
217401,61,70,3,64,1.662348985671997,31.198188066482544,2.269049644470215,0.0236,99.22,83.93,8.12e-06,6.79e-06,6.79e-06,64,0.128,0.179,5.0
217401,61,70,4,128,1.6703147888183594,16.156421422958374,2.2722244262695312,0.029,99.09,83.86,8.61e-06,7.19e-06,7.19e-06,128,0.127,0.2,5.0
217401,62,70,0,256,1.6636476516723633,10.312169790267944,2.268793821334839,0.0387,98.68,84.96,3.25e-05,2.6e-05,2.6e-05,256,0.141,0.166,5.0
217401,62,70,1,64,1.669614315032959,31.57211685180664,2.270116090774536,0.4202,84.99,75.25,0.0002,0.0004,0.0004,64,0.15,0.132,5.0
217401,62,70,2,64,1.6601166725158691,32.6260712146759,2.2765655517578125,0.0351,98.83,85.18,8.58e-06,7.01e-06,7.01e-06,64,0.143,0.192,5.0
217401,62,70,3,64,1.67189621925354,31.954054832458496,2.2708184719085693,0.0218,99.31,84.1,6.79e-06,5.59e-06,5.59e-06,64,0.128,0.179,5.0
217401,62,70,4,128,1.659808874130249,16.55753755569458,2.2741293907165527,0.0252,99.2,84.23,7.19e-06,5.91e-06,5.91e-06,128,0.127,0.2,5.0
217401,63,70,0,256,1.6720738410949707,10.338542222976685,2.270738124847412,0.0341,98.88,85.21,2.6e-05,2.02e-05,2.02e-05,256,0.141,0.166,5.0
217401,63,70,1,64,1.6613082885742188,32.42453408241272,2.2794628143310547,0.6151,78.44,76.35,0.0004,0.0006,0.0006,64,0.15,0.132,5.0
217401,63,70,2,64,1.6737275123596191,31.789408922195435,2.2788357734680176,0.0325,98.94,85.14,7.01e-06,5.61e-06,5.61e-06,64,0.143,0.192,5.0
217401,63,70,3,64,1.6668338775634766,31.66433358192444,2.2748332023620605,0.0196,99.34,83.91,5.59e-06,4.52e-06,4.52e-06,64,0.128,0.179,5.0
217401,63,70,4,128,1.6723840236663818,15.991933107376099,2.267934799194336,0.0245,99.21,84.0,5.91e-06,4.77e-06,4.77e-06,128,0.127,0.2,5.0
217401,64,70,0,256,1.6652321815490723,10.311026096343994,2.2778525352478027,0.0322,98.94,85.23,2.02e-05,1.51e-05,1.51e-05,256,0.141,0.166,5.0
217401,64,70,1,64,1.671450138092041,32.97733449935913,2.2672035694122314,0.7399,73.78,70.41,0.0006,0.0008,0.0008,64,0.15,0.132,5.0
217401,64,70,2,64,1.662139892578125,31.999618768692017,2.274308919906616,0.0308,99.0,85.12,5.61e-06,4.4e-06,4.4e-06,64,0.143,0.192,5.0
217401,64,70,3,64,1.6705021858215332,31.0747709274292,2.272529363632202,0.0198,99.32,83.95,4.52e-06,3.59e-06,3.59e-06,64,0.128,0.179,5.0
217401,64,70,4,128,1.6629695892333984,16.451056957244873,2.278062343597412,0.0243,99.19,84.08,4.77e-06,3.77e-06,3.77e-06,128,0.127,0.2,5.0
217401,65,70,0,256,1.676659107208252,10.328368186950684,2.2682669162750244,0.0313,99.01,85.14,1.51e-05,1.08e-05,1.08e-05,256,0.141,0.166,5.0
217401,65,70,1,64,1.6605195999145508,32.333738803863525,2.268580675125122,0.8151,71.1,69.51,0.0008,0.001,0.001,64,0.15,0.132,5.0
217401,65,70,2,64,1.663914680480957,31.873794317245483,2.269155502319336,0.0293,99.0,85.3,4.4e-06,3.36e-06,3.36e-06,64,0.143,0.192,5.0
217401,65,70,3,64,1.6635687351226807,32.289804458618164,2.2733209133148193,0.0175,99.44,83.92,3.59e-06,2.81e-06,2.81e-06,64,0.128,0.179,5.0
217401,65,70,4,128,1.6743383407592773,16.10737133026123,2.2717628479003906,0.0214,99.3,84.05,3.77e-06,2.93e-06,2.93e-06,128,0.127,0.2,5.0
217401,66,70,0,256,1.6692252159118652,10.276795625686646,2.2797930240631104,0.0311,99.03,85.23,1.08e-05,7.29e-06,7.29e-06,256,0.141,0.166,5.0
217401,66,70,1,64,1.6746153831481934,31.752405643463135,2.286529302597046,0.099,96.52,81.01,1.79e-07,0.00014,0.00014,64,0.125,0.165,5.0
217401,66,70,2,64,1.672048807144165,31.44339156150818,2.289149284362793,0.0283,99.08,85.34,3.36e-06,2.52e-06,2.52e-06,64,0.143,0.192,5.0
217401,66,70,3,64,1.6782259941101074,31.167666912078857,2.273224353790283,0.0173,99.43,84.18,2.81e-06,2.16e-06,2.16e-06,64,0.128,0.179,5.0
217401,66,70,4,128,1.6646454334259033,16.32297110557556,2.267683982849121,0.0202,99.34,84.14,2.93e-06,2.24e-06,2.24e-06,128,0.127,0.2,5.0
217401,67,70,0,256,1.670079231262207,10.283504724502563,2.2677834033966064,0.0299,99.0,85.28,7.29e-06,4.54e-06,4.54e-06,256,0.141,0.166,5.0
217401,67,70,1,64,1.6625182628631592,31.68297266960144,2.2694308757781982,0.3074,88.95,78.63,0.00014,0.000281,0.000281,64,0.125,0.165,5.0
217401,67,70,2,64,1.6666700839996338,32.56273889541626,2.2713379859924316,0.029,99.01,85.35,2.52e-06,1.85e-06,1.85e-06,64,0.143,0.192,5.0
217401,67,70,3,64,1.6627132892608643,31.389307260513306,2.275017023086548,0.0162,99.47,84.28,2.16e-06,1.65e-06,1.65e-06,64,0.128,0.179,5.0
217401,67,70,4,128,1.6733512878417969,16.548455715179443,2.2860822677612305,0.0221,99.27,84.21,2.24e-06,1.7e-06,1.7e-06,128,0.127,0.2,5.0
217401,68,70,0,256,1.664670467376709,10.256722927093506,2.272151231765747,0.0282,99.12,85.29,4.54e-06,2.57e-06,2.57e-06,256,0.141,0.166,5.0
217401,68,70,1,64,1.6711697578430176,32.592103719711304,2.2688851356506348,0.4806,82.78,77.28,0.000281,0.000421,0.000421,64,0.125,0.165,5.0
217401,68,70,2,64,1.6558775901794434,33.12369251251221,2.272434949874878,0.029,99.05,85.43,1.85e-06,1.38e-06,1.38e-06,64,0.143,0.192,5.0
217401,68,70,3,64,1.668262243270874,31.022582054138184,2.2733490467071533,0.0154,99.52,84.39,1.65e-06,1.29e-06,1.29e-06,64,0.128,0.179,5.0
217401,68,70,4,128,1.6623482704162598,16.046858549118042,2.272806406021118,0.0196,99.4,84.34,1.7e-06,1.31e-06,1.31e-06,128,0.127,0.2,5.0
217401,69,70,0,256,1.669788122177124,10.189887046813965,2.2709107398986816,0.0255,99.2,85.25,2.57e-06,1.39e-06,1.39e-06,256,0.141,0.166,5.0
217401,69,70,1,64,1.667900562286377,31.037662029266357,2.2761547565460205,0.6042,78.61,75.56,0.000421,0.000561,0.000561,64,0.125,0.165,5.0
217401,69,70,2,64,1.6707046031951904,31.425416707992554,2.2769217491149902,0.028,99.09,85.42,1.38e-06,1.09e-06,1.09e-06,64,0.143,0.192,5.0
217401,69,70,3,64,1.6679027080535889,31.396919012069702,2.273740530014038,0.015,99.54,84.21,1.29e-06,1.07e-06,1.07e-06,64,0.128,0.179,5.0
217401,69,70,4,128,1.6728901863098145,16.213340282440186,2.2733983993530273,0.0194,99.39,84.21,1.31e-06,1.08e-06,1.08e-06,128,0.127,0.2,5.0
217401,70,70,0,256,1.6651499271392822,10.296350479125977,2.2721705436706543,0.0247,99.2,85.26,1.39e-06,1e-06,1e-06,256,0.141,0.166,5.0
217401,70,70,1,64,1.6715247631072998,31.591062307357788,2.276026487350464,0.6938,75.33,70.66,0.000561,0.000701,0.000701,64,0.125,0.165,5.0
217401,70,70,2,64,1.661726474761963,31.470545291900635,2.2837300300598145,0.0271,99.08,85.42,1.09e-06,1e-06,1e-06,64,0.143,0.192,5.0
217401,70,70,3,64,1.6786351203918457,31.441311359405518,2.274876832962036,0.0151,99.54,84.09,1.07e-06,1e-06,1e-06,64,0.128,0.179,5.0
217401,70,70,4,128,1.6620147228240967,16.579800367355347,2.2708323001861572,0.0196,99.39,84.21,1.08e-06,1e-06,1e-06,128,0.127,0.2,5.0
