seed,epoch,epoch_total,member,train_batch_size,data_build_s,lr_sched_start,lr_sched_end,train_time_s,eval_time_s,loss,train_acc_pct,test_acc_pct,pbt_lr,pbt_weight_decay,pbt_drop_path,pbt_warmup_epochs,pbt_batch_size
38042,1,70,0,256,7.242753505706787,1.93e-07,3.81e-05,25.36372184753418,2.166985034942627,2.0628,22.78,30.97,0.0001894099367645819,0.2929517642793557,0.30758866767960447,5,256
38042,1,70,1,256,1.5984299182891846,2.66e-07,5.25e-05,24.825141429901123,3.0643370151519775,2.04,23.8,31.2,0.0002610457762689696,0.4351200264873825,0.2988852362414701,5,256
38042,1,70,2,256,1.541123628616333,4.75e-07,9.36e-05,25.769479751586914,2.3147547245025635,2.0106,25.24,31.66,0.00046580972075259094,0.08322155840047196,0.21704259365986278,5,256
38042,1,70,3,256,1.7199785709381104,3.22e-07,6.34e-05,25.652008533477783,3.868828296661377,2.0363,23.82,29.31,0.0003155456675032866,0.3398308014407791,0.20632463667325823,5,256
38042,1,70,4,256,1.585087776184082,3.64e-07,7.17e-05,26.570323944091797,2.7362070083618164,2.0207,24.57,30.69,0.0003565125943597626,0.4336340708432141,0.25432892395471046,5,256
38042,2,70,0,256,1.6759214401245117,3.81e-05,7.6e-05,25.936567068099976,3.0439140796661377,1.8502,31.74,33.81,0.0001894099367645819,0.2929517642793557,0.30758866767960447,5,256
38042,2,70,1,256,1.7143490314483643,5.25e-05,0.000105,26.27248787879944,2.819484233856201,1.8282,31.85,35.32,0.0002610457762689696,0.4351200264873825,0.2988852362414701,5,256
38042,2,70,2,256,1.601736307144165,9.36e-05,0.000187,26.230271816253662,2.2516586780548096,1.7839,33.61,33.85,0.00046580972075259094,0.08322155840047196,0.21704259365986278,5,256
38042,2,70,3,256,1.5920865535736084,6.34e-05,0.000127,26.06878972053528,2.286827564239502,1.8146,32.42,35.16,0.0003155456675032866,0.3398308014407791,0.20632463667325823,5,256
38042,2,70,4,256,1.5985796451568604,7.17e-05,0.000143,25.8381609916687,2.3024559020996094,1.7982,33.1,36.44,0.0003565125943597626,0.4336340708432141,0.25432892395471046,5,256
38042,3,70,0,256,1.5978918075561523,7.6e-05,0.000114,25.503695011138916,2.2233541011810303,1.7476,35.22,36.24,0.0001894099367645819,0.2929517642793557,0.30758866767960447,5,256
38042,3,70,1,256,1.699404239654541,0.000105,0.000157,24.811631202697754,2.8362815380096436,1.7242,35.94,39.24,0.0002610457762689696,0.4351200264873825,0.2988852362414701,5,256
38042,3,70,2,256,1.7234492301940918,0.000187,0.00028,24.038562774658203,3.36803936958313,1.6633,38.51,40.35,0.00046580972075259094,0.08322155840047196,0.21704259365986278,5,256
38042,3,70,3,256,1.578310489654541,0.000127,0.00019,24.316356897354126,2.78167462348938,1.695,37.16,40.98,0.0003155456675032866,0.3398308014407791,0.20632463667325823,5,256
38042,3,70,4,256,1.5775082111358643,0.000143,0.000214,25.170960903167725,2.300874710083008,1.6914,37.0,39.69,0.0003565125943597626,0.4336340708432141,0.25432892395471046,5,256
38042,4,70,0,256,1.5914392471313477,0.000114,0.000152,25.073079586029053,2.2448108196258545,1.6573,38.77,40.28,0.0001894099367645819,0.2929517642793557,0.30758866767960447,5,256
38042,4,70,1,256,1.581028938293457,0.000157,0.000209,24.912885904312134,2.201359510421753,1.6292,40.02,42.71,0.0002610457762689696,0.4351200264873825,0.2988852362414701,5,256
38042,4,70,2,256,1.5854201316833496,0.00028,0.000373,25.261857271194458,2.2140069007873535,1.5588,42.81,46.64,0.00046580972075259094,0.08322155840047196,0.21704259365986278,5,256
38042,4,70,3,256,1.58115816116333,0.00019,0.000253,25.673259258270264,2.27079176902771,1.5848,41.49,44.39,0.0003155456675032866,0.3398308014407791,0.20632463667325823,5,256
38042,4,70,4,256,1.6006391048431396,0.000214,0.000286,25.35696005821228,2.2951228618621826,1.5892,41.58,44.06,0.0003565125943597626,0.4336340708432141,0.25432892395471046,5,256
38042,5,70,0,256,1.7346649169921875,0.000152,0.000189,24.576084852218628,2.937455177307129,1.5708,42.39,46.36,0.0001894099367645819,0.2929517642793557,0.30758866767960447,5,256
38042,5,70,1,256,1.6843218803405762,0.000209,0.000261,24.209485292434692,3.0987954139709473,1.5315,44.28,47.1,0.0002610457762689696,0.4351200264873825,0.2988852362414701,5,256
38042,5,70,2,256,1.5689778327941895,0.000373,0.000466,25.22209119796753,2.2859597206115723,1.4834,45.72,48.2,0.00046580972075259094,0.08322155840047196,0.21704259365986278,5,256
38042,5,70,3,256,1.5726730823516846,0.000253,0.000316,24.882221460342407,2.198965549468994,1.4976,45.48,47.55,0.0003155456675032866,0.3398308014407791,0.20632463667325823,5,256
38042,5,70,4,256,1.5688717365264893,0.000286,0.000357,25.069647550582886,2.194180965423584,1.5027,44.86,46.84,0.0003565125943597626,0.4336340708432141,0.25432892395471046,5,256
38042,6,70,0,256,1.5735464096069336,2.55e-07,5.03e-05,24.995186805725098,2.3040547370910645,1.3732,50.37,51.95,0.0002502213586795585,0.2354276243690006,0.32647451212245726,5,256
38042,6,70,1,256,1.5737860202789307,0.000261,0.000261,25.430089235305786,2.215258836746216,1.4612,46.93,50.26,0.0002610457762689696,0.4351200264873825,0.2988852362414701,5,256
38042,6,70,2,256,1.6239550113677979,0.000466,0.000466,25.298576593399048,2.3429644107818604,1.4218,48.33,50.77,0.00046580972075259094,0.08322155840047196,0.21704259365986278,5,256
38042,6,70,3,256,1.7423515319824219,0.000316,0.000315,24.912054300308228,3.191319465637207,1.4338,47.88,50.5,0.0003155456675032866,0.3398308014407791,0.20632463667325823,5,256
38042,6,70,4,256,1.668445348739624,0.000357,0.000356,25.141125202178955,2.759995222091675,1.4421,47.58,49.83,0.0003565125943597626,0.4336340708432141,0.25432892395471046,5,256
38042,7,70,0,256,1.57710862159729,5.03e-05,0.0001,25.782474279403687,2.2759342193603516,1.3209,52.01,51.3,0.0002502213586795585,0.2354276243690006,0.32647451212245726,5,256
38042,7,70,1,256,1.6167969703674316,0.000261,0.00026,25.538357257843018,2.2167913913726807,1.3983,49.14,51.01,0.0002610457762689696,0.4351200264873825,0.2988852362414701,5,256
38042,7,70,2,256,1.577817678451538,0.000466,0.000465,25.23979163169861,2.196589708328247,1.3734,50.25,52.44,0.00046580972075259094,0.08322155840047196,0.21704259365986278,5,256
38042,7,70,3,256,1.5830557346343994,0.000315,0.000315,25.139973163604736,2.213634729385376,1.3712,50.43,50.83,0.0003155456675032866,0.3398308014407791,0.20632463667325823,5,256
38042,7,70,4,256,1.5704460144042969,0.000356,0.000356,25.588647603988647,2.1916513442993164,1.3828,49.75,50.63,0.0003565125943597626,0.4336340708432141,0.25432892395471046,5,256
38042,8,70,0,256,1.7108509540557861,0.0001,0.00015,24.79181456565857,2.6509666442871094,1.3089,52.58,53.1,0.0002502213586795585,0.2354276243690006,0.32647451212245726,5,256
38042,8,70,1,256,1.7555298805236816,0.00026,0.00026,24.592437982559204,3.2898929119110107,1.3537,50.9,52.93,0.0002610457762689696,0.4351200264873825,0.2988852362414701,5,256
38042,8,70,2,256,1.584458351135254,0.000465,0.000463,25.34279465675354,2.240734100341797,1.3186,51.94,52.79,0.00046580972075259094,0.08322155840047196,0.21704259365986278,5,256
38042,8,70,3,256,1.6018939018249512,0.000315,0.000314,24.769374132156372,2.1942451000213623,1.3415,51.46,54.47,0.0003155456675032866,0.3398308014407791,0.20632463667325823,5,256
38042,8,70,4,256,1.574110984802246,0.000356,0.000355,25.00540852546692,2.2591609954833984,1.3446,51.4,52.05,0.0003565125943597626,0.4336340708432141,0.25432892395471046,5,256
38042,9,70,0,256,1.573241949081421,0.00015,0.0002,24.844953536987305,2.2102127075195312,1.3003,52.89,54.49,0.0002502213586795585,0.2354276243690006,0.32647451212245726,5,256
38042,9,70,1,256,1.5883259773254395,0.00026,0.000259,24.672887802124023,2.194363832473755,1.3192,52.15,55.32,0.0002610457762689696,0.4351200264873825,0.2988852362414701,5,256
38042,9,70,2,256,1.6125695705413818,0.000463,0.000461,24.822039365768433,2.186967372894287,1.2831,53.98,54.83,0.00046580972075259094,0.08322155840047196,0.21704259365986278,5,256
38042,9,70,3,256,1.614332675933838,0.000314,0.000313,24.52148747444153,2.289050340652466,1.3024,52.9,53.47,0.0003155456675032866,0.3398308014407791,0.20632463667325823,5,256
38042,9,70,4,256,1.6833443641662598,0.000355,0.000353,24.333030223846436,2.875833749771118,1.3155,52.57,52.58,0.0003565125943597626,0.4336340708432141,0.25432892395471046,5,256
38042,10,70,0,256,1.6960222721099854,0.0002,0.00025,24.0449435710907,3.5083162784576416,1.2952,53.22,53.5,0.0002502213586795585,0.2354276243690006,0.32647451212245726,5,256
38042,10,70,1,256,1.5777716636657715,0.000259,0.000257,24.804471015930176,2.7468950748443604,1.2912,53.38,54.95,0.0002610457762689696,0.4351200264873825,0.2988852362414701,5,256
38042,10,70,2,256,1.6588342189788818,0.000461,0.000459,25.777259588241577,2.275439739227295,1.2453,54.97,57.56,0.00046580972075259094,0.08322155840047196,0.21704259365986278,5,256
38042,10,70,3,256,1.583972454071045,0.000313,0.000311,25.446786165237427,2.2249255180358887,1.2659,54.34,56.62,0.0003155456675032866,0.3398308014407791,0.20632463667325823,5,256
38042,10,70,4,256,1.5810978412628174,0.000353,0.000351,25.4944589138031,2.263249397277832,1.2879,53.42,55.12,0.0003565125943597626,0.4336340708432141,0.25432892395471046,5,256
38042,11,70,0,256,1.5885558128356934,3.35e-07,6.6e-05,26.07524013519287,2.248558521270752,1.147,58.75,59.48,0.00032852039018270755,0.28055952036243514,0.27458284474522676,5,256
38042,11,70,1,256,1.7083282470703125,0.000257,0.000256,25.151814222335815,3.223106861114502,1.2628,54.34,56.08,0.0002610457762689696,0.4351200264873825,0.2988852362414701,5,256
38042,11,70,2,256,1.6037821769714355,0.000459,0.000456,25.50357222557068,2.636547803878784,1.2017,56.59,57.29,0.00046580972075259094,0.08322155840047196,0.21704259365986278,5,256
38042,11,70,3,256,1.5826115608215332,0.000311,0.000309,25.363142013549805,2.192944049835205,1.2328,55.51,55.54,0.0003155456675032866,0.3398308014407791,0.20632463667325823,5,256
38042,11,70,4,256,1.5675194263458252,0.000351,0.000349,25.321320295333862,2.2108519077301025,1.2582,54.77,55.07,0.0003565125943597626,0.4336340708432141,0.25432892395471046,5,256
38042,12,70,0,256,1.580472707748413,6.6e-05,0.000132,25.61763310432434,2.2424793243408203,1.1165,59.96,60.87,0.00032852039018270755,0.28055952036243514,0.27458284474522676,5,256
38042,12,70,1,256,1.594872236251831,0.000256,0.000254,25.290380477905273,2.2321274280548096,1.2303,55.63,56.98,0.0002610457762689696,0.4351200264873825,0.2988852362414701,5,256
38042,12,70,2,256,1.5970864295959473,0.000456,0.000453,25.149790287017822,2.184094190597534,1.1731,57.68,57.87,0.00046580972075259094,0.08322155840047196,0.21704259365986278,5,256
38042,12,70,3,256,1.7054564952850342,0.000309,0.000307,24.312469720840454,2.7761449813842773,1.207,56.52,57.57,0.0003155456675032866,0.3398308014407791,0.20632463667325823,5,256
38042,12,70,4,256,1.735199213027954,0.000349,0.000346,24.468087911605835,3.2807579040527344,1.2352,55.47,57.22,0.0003565125943597626,0.4336340708432141,0.25432892395471046,5,256
38042,13,70,0,256,1.5799272060394287,0.000132,0.000197,25.188443183898926,2.455650806427002,1.1142,60.21,60.95,0.00032852039018270755,0.28055952036243514,0.27458284474522676,5,256
38042,13,70,1,256,1.5867934226989746,0.000254,0.000251,25.20963191986084,2.2605702877044678,1.2084,56.5,57.28,0.0002610457762689696,0.4351200264873825,0.2988852362414701,5,256
38042,13,70,2,256,1.5873136520385742,0.000453,0.000449,25.473851919174194,2.203202962875366,1.1244,59.94,59.57,0.00046580972075259094,0.08322155840047196,0.21704259365986278,5,256
38042,13,70,3,256,1.563704013824463,0.000307,0.000304,25.09516477584839,2.2664456367492676,1.1807,57.8,58.01,0.0003155456675032866,0.3398308014407791,0.20632463667325823,5,256
38042,13,70,4,256,1.5685524940490723,0.000346,0.000343,24.971617221832275,2.2236835956573486,1.2019,57.25,57.4,0.0003565125943597626,0.4336340708432141,0.25432892395471046,5,256
38042,14,70,0,256,1.5749948024749756,0.000197,0.000263,24.996330499649048,2.1926958560943604,1.1179,59.78,60.34,0.00032852039018270755,0.28055952036243514,0.27458284474522676,5,256
38042,14,70,1,256,1.6668879985809326,0.000251,0.000249,24.53756809234619,2.249150276184082,1.1842,57.34,58.59,0.0002610457762689696,0.4351200264873825,0.2988852362414701,5,256
38042,14,70,2,256,1.7189908027648926,0.000449,0.000444,24.195406198501587,2.9218344688415527,1.1016,60.71,61.99,0.00046580972075259094,0.08322155840047196,0.21704259365986278,5,256
38042,14,70,3,256,1.7650096416473389,0.000304,0.000301,24.28995704650879,3.1699607372283936,1.1567,58.57,60.66,0.0003155456675032866,0.3398308014407791,0.20632463667325823,5,256
38042,14,70,4,256,1.5725207328796387,0.000343,0.00034,24.849592924118042,2.357710838317871,1.1773,57.85,58.64,0.0003565125943597626,0.4336340708432141,0.25432892395471046,5,256
38042,15,70,0,256,1.5667121410369873,0.000263,0.000329,24.74945831298828,2.1963815689086914,1.1158,59.59,60.39,0.00032852039018270755,0.28055952036243514,0.27458284474522676,5,256
38042,15,70,1,256,1.5709288120269775,0.000249,0.000246,24.742658615112305,2.132943630218506,1.1598,58.63,59.78,0.0002610457762689696,0.4351200264873825,0.2988852362414701,5,256
38042,15,70,2,256,1.5722146034240723,0.000444,0.000439,24.891002416610718,2.208211660385132,1.0687,61.78,63.24,0.00046580972075259094,0.08322155840047196,0.21704259365986278,5,256
38042,15,70,3,256,1.587280035018921,0.000301,0.000298,24.907827138900757,2.159421682357788,1.1361,59.4,60.56,0.0003155456675032866,0.3398308014407791,0.20632463667325823,5,256
38042,15,70,4,256,1.5681705474853516,0.00034,0.000336,24.78536057472229,2.230344295501709,1.1476,59.07,59.58,0.0003565125943597626,0.4336340708432141,0.25432892395471046,5,256
38042,16,70,0,256,1.5714421272277832,0.000329,0.000328,24.867642402648926,2.2759270668029785,1.1017,60.71,62.21,0.00032852039018270755,0.28055952036243514,0.27458284474522676,5,256
38042,16,70,1,256,1.5985698699951172,0.000246,0.000243,24.563851833343506,2.182199239730835,1.1399,59.26,59.51,0.0002610457762689696,0.4351200264873825,0.2988852362414701,5,256
38042,16,70,2,256,1.7284538745880127,0.000439,0.000434,23.845154762268066,2.492849826812744,1.0395,62.81,63.65,0.00046580972075259094,0.08322155840047196,0.21704259365986278,5,256
38042,16,70,3,256,1.722470998764038,0.000298,0.000294,23.8895263671875,2.7048416137695312,1.1093,60.3,60.75,0.0003155456675032866,0.3398308014407791,0.20632463667325823,5,256
38042,16,70,4,256,1.7137172222137451,4.93e-07,9.72e-05,23.464799642562866,3.322883129119873,0.9734,65.41,65.42,0.00048339668238501414,0.43087995867019463,0.21179266737018654,5,256
38042,17,70,0,256,1.5764594078063965,0.000328,0.000328,25.06674861907959,2.345612049102783,1.0845,61.28,62.44,0.00032852039018270755,0.28055952036243514,0.27458284474522676,5,256
38042,17,70,1,256,1.5748839378356934,0.000243,0.00024,25.02089214324951,2.244905948638916,1.1192,59.92,60.35,0.0002610457762689696,0.4351200264873825,0.2988852362414701,5,256
38042,17,70,2,256,1.565425157546997,0.000434,0.000428,24.74380874633789,2.1620681285858154,1.0117,63.92,64.65,0.00046580972075259094,0.08322155840047196,0.21704259365986278,5,256
38042,17,70,3,256,1.5759689807891846,0.000294,0.00029,24.83227801322937,2.1984848976135254,1.0882,61.13,62.3,0.0003155456675032866,0.3398308014407791,0.20632463667325823,5,256
38042,17,70,4,256,1.5641143321990967,9.72e-05,0.000194,24.840391635894775,2.1885626316070557,0.9514,66.25,65.64,0.00048339668238501414,0.43087995867019463,0.21179266737018654,5,256
38042,18,70,0,256,1.6953721046447754,0.000328,0.000327,24.345483779907227,2.7513275146484375,1.0538,62.36,63.45,0.00032852039018270755,0.28055952036243514,0.27458284474522676,5,256
38042,18,70,1,256,1.731999397277832,0.00024,0.000236,24.098593950271606,3.1276681423187256,1.1032,60.58,62.2,0.0002610457762689696,0.4351200264873825,0.2988852362414701,5,256
38042,18,70,2,256,1.5763747692108154,0.000428,0.000421,24.617034912109375,2.2261147499084473,0.9868,64.87,65.8,0.00046580972075259094,0.08322155840047196,0.21704259365986278,5,256
38042,18,70,3,256,1.55598783493042,0.00029,0.000285,24.639612197875977,2.1424598693847656,1.0729,61.69,62.96,0.0003155456675032866,0.3398308014407791,0.20632463667325823,5,256
38042,18,70,4,256,1.5782477855682373,0.000194,0.000291,24.735100746154785,2.130354642868042,0.9719,65.27,64.8,0.00048339668238501414,0.43087995867019463,0.21179266737018654,5,256
38042,19,70,0,256,1.5626938343048096,0.000327,0.000325,24.511815071105957,2.1707797050476074,1.0292,63.31,63.32,0.00032852039018270755,0.28055952036243514,0.27458284474522676,5,256
38042,19,70,1,256,1.5789921283721924,0.000236,0.000232,24.468754053115845,2.2205514907836914,1.0827,61.28,62.49,0.0002610457762689696,0.4351200264873825,0.2988852362414701,5,256
38042,19,70,2,256,1.609839916229248,0.000421,0.000415,24.679259777069092,2.4532296657562256,0.9595,65.92,66.45,0.00046580972075259094,0.08322155840047196,0.21704259365986278,5,256
38042,19,70,3,256,1.7312021255493164,0.000285,0.000281,23.69092583656311,3.08367919921875,1.0567,62.25,63.15,0.0003155456675032866,0.3398308014407791,0.20632463667325823,5,256
38042,19,70,4,256,1.6153967380523682,0.000291,0.000387,24.545150756835938,2.851945400238037,0.9924,64.6,64.18,0.00048339668238501414,0.43087995867019463,0.21179266737018654,5,256
38042,20,70,0,256,1.570934772491455,0.000325,0.000324,24.785735368728638,2.2856080532073975,1.0117,63.96,63.33,0.00032852039018270755,0.28055952036243514,0.27458284474522676,5,256
38042,20,70,1,256,1.5615894794464111,0.000232,0.000228,24.726006507873535,2.2213096618652344,1.0617,62.46,63.51,0.0002610457762689696,0.4351200264873825,0.2988852362414701,5,256
38042,20,70,2,256,1.5836026668548584,0.000415,0.000407,24.580222606658936,2.184986114501953,0.9417,66.46,67.01,0.00046580972075259094,0.08322155840047196,0.21704259365986278,5,256
38042,20,70,3,256,1.559473991394043,0.000281,0.000276,24.949930667877197,2.1890709400177,1.0244,63.46,63.9,0.0003155456675032866,0.3398308014407791,0.20632463667325823,5,256
38042,20,70,4,256,1.5697870254516602,0.000387,0.000483,24.876367568969727,2.190333366394043,1.0071,64.37,63.27,0.00048339668238501414,0.43087995867019463,0.21179266737018654,5,256
38042,21,70,0,256,1.6828281879425049,0.000324,0.000322,24.42064595222473,2.588024139404297,0.9882,64.87,65.03,0.00032852039018270755,0.28055952036243514,0.27458284474522676,5,256
38042,21,70,1,256,1.7369117736816406,0.000228,0.000224,23.787956714630127,3.367851734161377,1.0537,62.45,63.7,0.0002610457762689696,0.4351200264873825,0.2988852362414701,5,256
38042,21,70,2,256,1.5722835063934326,0.000407,0.0004,24.260947704315186,2.661203622817993,0.9224,67.22,68.23,0.00046580972075259094,0.08322155840047196,0.21704259365986278,5,256
38042,21,70,3,256,1.571751356124878,0.000276,0.000271,24.933150053024292,2.162911891937256,1.0203,63.68,64.83,0.0003155456675032866,0.3398308014407791,0.20632463667325823,5,256
38042,21,70,4,256,1.5779728889465332,3.73e-07,7.36e-05,24.485474824905396,2.186553955078125,0.8642,69.16,70.08,0.0003660093682741275,0.5,0.18626259427183606,5,256
38042,22,70,0,256,1.5716395378112793,0.000322,0.000319,24.54507875442505,2.120884656906128,0.9832,65.19,64.81,0.00032852039018270755,0.28055952036243514,0.27458284474522676,5,256
38042,22,70,1,256,1.59820556640625,0.000224,0.00022,24.3766028881073,2.1393954753875732,1.0346,63.46,64.45,0.0002610457762689696,0.4351200264873825,0.2988852362414701,5,256
38042,22,70,2,256,1.5685021877288818,0.0004,0.000392,24.40170168876648,2.1765058040618896,0.902,67.87,69.01,0.00046580972075259094,0.08322155840047196,0.21704259365986278,5,256
38042,22,70,3,256,1.5985569953918457,0.000271,0.000265,24.358003616333008,2.2222893238067627,0.9983,64.57,65.44,0.0003155456675032866,0.3398308014407791,0.20632463667325823,5,256
38042,22,70,4,256,1.7709784507751465,7.36e-05,0.000147,24.411349296569824,2.9498236179351807,0.8376,70.44,69.0,0.0003660093682741275,0.5,0.18626259427183606,5,256
38042,23,70,0,256,1.7435171604156494,0.000319,0.000316,24.986270666122437,2.8357603549957275,0.9508,66.13,66.01,0.00032852039018270755,0.28055952036243514,0.27458284474522676,5,256
38042,23,70,1,256,1.5873255729675293,0.00022,0.000215,25.254105806350708,2.271054267883301,1.0202,63.77,64.61,0.0002610457762689696,0.4351200264873825,0.2988852362414701,5,256
38042,23,70,2,256,1.587590217590332,0.000392,0.000383,25.090617895126343,2.2813236713409424,0.879,68.96,69.68,0.00046580972075259094,0.08322155840047196,0.21704259365986278,5,256
38042,23,70,3,256,1.591188669204712,0.000265,0.00026,24.851309061050415,2.217005491256714,0.9813,65.17,66.96,0.0003155456675032866,0.3398308014407791,0.20632463667325823,5,256
38042,23,70,4,256,1.5844917297363281,0.000147,0.00022,25.162532091140747,2.2334654331207275,0.8415,70.12,69.9,0.0003660093682741275,0.5,0.18626259427183606,5,256
38042,24,70,0,256,1.7361640930175781,0.000316,0.000313,24.395583629608154,3.0476627349853516,0.9468,66.32,67.37,0.00032852039018270755,0.28055952036243514,0.27458284474522676,5,256
38042,24,70,1,256,1.6451289653778076,0.000215,0.00021,24.650020122528076,2.934993267059326,1.0104,63.95,65.05,0.0002610457762689696,0.4351200264873825,0.2988852362414701,5,256
38042,24,70,2,256,1.5868399143218994,0.000383,0.000374,25.366641998291016,2.3337349891662598,0.8564,69.53,70.29,0.00046580972075259094,0.08322155840047196,0.21704259365986278,5,256
38042,24,70,3,256,1.5887513160705566,0.00026,0.000254,25.329972505569458,2.2343714237213135,0.9686,65.44,65.79,0.0003155456675032866,0.3398308014407791,0.20632463667325823,5,256
38042,24,70,4,256,1.5634543895721436,0.00022,0.000293,25.025374174118042,2.281280994415283,0.8632,69.52,69.05,0.0003660093682741275,0.5,0.18626259427183606,5,256
38042,25,70,0,256,1.5845603942871094,0.000313,0.00031,24.893531560897827,2.1478638648986816,0.9364,66.79,66.31,0.00032852039018270755,0.28055952036243514,0.27458284474522676,5,256
38042,25,70,1,256,1.665001630783081,0.00021,0.000205,24.560702800750732,2.470663547515869,0.9903,64.85,66.32,0.0002610457762689696,0.4351200264873825,0.2988852362414701,5,256
38042,25,70,2,256,1.7306640148162842,0.000374,0.000365,23.979292154312134,3.3945600986480713,0.8432,69.98,69.35,0.00046580972075259094,0.08322155840047196,0.21704259365986278,5,256
38042,25,70,3,256,1.576326608657837,0.000254,0.000248,24.774339199066162,2.5621960163116455,0.9592,65.9,66.87,0.0003155456675032866,0.3398308014407791,0.20632463667325823,5,256
38042,25,70,4,256,1.562589168548584,0.000293,0.000366,25.159801721572876,2.208250045776367,0.8796,68.93,68.32,0.0003660093682741275,0.5,0.18626259427183606,5,256
38042,26,70,0,256,1.5685386657714844,3.67e-07,7.24e-05,25.016664505004883,2.1955533027648926,0.7809,72.35,72.52,0.00035996240070477407,0.34234005784372074,0.25668365729351295,5,256
38042,26,70,1,256,1.5718400478363037,0.000205,0.0002,25.25958490371704,2.2433362007141113,0.9828,65.1,64.59,0.0002610457762689696,0.4351200264873825,0.2988852362414701,5,256
38042,26,70,2,256,1.5597467422485352,0.000365,0.000356,24.691370487213135,2.188276767730713,0.8242,70.97,69.62,0.00046580972075259094,0.08322155840047196,0.21704259365986278,5,256
38042,26,70,3,256,1.6448907852172852,0.000248,0.000241,24.62286114692688,2.1749002933502197,0.9474,66.51,66.74,0.0003155456675032866,0.3398308014407791,0.20632463667325823,5,256
38042,26,70,4,256,1.7251579761505127,0.000366,0.000366,24.24434757232666,3.071612596511841,0.8856,68.69,68.02,0.0003660093682741275,0.5,0.18626259427183606,5,256
38042,27,70,0,256,1.6369528770446777,7.24e-05,0.000144,24.515384912490845,2.848970413208008,0.7542,73.34,72.3,0.00035996240070477407,0.34234005784372074,0.25668365729351295,5,256
38042,27,70,1,256,1.5649755001068115,0.0002,0.000194,24.88176465034485,2.184586524963379,0.973,65.53,66.07,0.0002610457762689696,0.4351200264873825,0.2988852362414701,5,256
38042,27,70,2,256,1.6029815673828125,0.000356,0.000346,25.14281702041626,2.125964403152466,0.8023,71.73,71.53,0.00046580972075259094,0.08322155840047196,0.21704259365986278,5,256
38042,27,70,3,256,1.57749605178833,0.000241,0.000235,25.13182044029236,2.186751365661621,0.9307,67.0,67.62,0.0003155456675032866,0.3398308014407791,0.20632463667325823,5,256
38042,27,70,4,256,1.5635664463043213,0.000366,0.000365,25.09099316596985,2.2367894649505615,0.8766,69.03,68.75,0.0003660093682741275,0.5,0.18626259427183606,5,256
38042,28,70,0,256,1.5929806232452393,0.000144,0.000216,24.675525903701782,2.254960536956787,0.764,72.91,72.53,0.00035996240070477407,0.34234005784372074,0.25668365729351295,5,256
38042,28,70,1,256,1.711566686630249,0.000194,0.000189,24.3504855632782,2.9443063735961914,0.9576,66.23,66.46,0.0002610457762689696,0.4351200264873825,0.2988852362414701,5,256
38042,28,70,2,256,1.6967194080352783,0.000346,0.000336,24.03673243522644,3.029890537261963,0.7872,72.12,72.26,0.00046580972075259094,0.08322155840047196,0.21704259365986278,5,256
38042,28,70,3,256,1.5639257431030273,0.000235,0.000228,24.740029335021973,2.1701436042785645,0.9137,67.49,66.33,0.0003155456675032866,0.3398308014407791,0.20632463667325823,5,256
38042,28,70,4,256,1.566781759262085,0.000365,0.000364,24.626448392868042,2.168067455291748,0.8766,69.09,69.48,0.0003660093682741275,0.5,0.18626259427183606,5,256
38042,29,70,0,256,1.5755805969238281,0.000216,0.000288,24.55258321762085,2.228180170059204,0.7766,72.51,71.84,0.00035996240070477407,0.34234005784372074,0.25668365729351295,5,256
38042,29,70,1,256,1.5690746307373047,0.000189,0.000183,24.315584182739258,2.3568267822265625,0.948,66.51,67.12,0.0002610457762689696,0.4351200264873825,0.2988852362414701,5,256
38042,29,70,2,256,1.569887638092041,0.000336,0.000326,24.754987478256226,2.191671133041382,0.7669,72.74,72.77,0.00046580972075259094,0.08322155840047196,0.21704259365986278,5,256
38042,29,70,3,256,1.6160991191864014,0.000228,0.000221,24.70042371749878,2.2440271377563477,0.8975,68.14,67.19,0.0003155456675032866,0.3398308014407791,0.20632463667325823,5,256
38042,29,70,4,256,1.693098545074463,0.000364,0.000363,24.037023067474365,2.868161201477051,0.8625,69.27,70.08,0.0003660093682741275,0.5,0.18626259427183606,5,256
38042,30,70,0,256,1.685089349746704,0.000288,0.00036,24.132447957992554,2.931352138519287,0.8006,71.74,70.83,0.00035996240070477407,0.34234005784372074,0.25668365729351295,5,256
38042,30,70,1,256,1.5637319087982178,0.000183,0.000177,25.072750091552734,2.2826192378997803,0.9386,66.56,68.55,0.0002610457762689696,0.4351200264873825,0.2988852362414701,5,256
38042,30,70,2,256,1.5828304290771484,0.000326,0.000316,24.84551453590393,2.217994451522827,0.752,73.59,72.43,0.00046580972075259094,0.08322155840047196,0.21704259365986278,5,256
38042,30,70,3,256,1.5686113834381104,0.000221,0.000214,24.841108322143555,2.1914350986480713,0.8906,68.51,67.8,0.0003155456675032866,0.3398308014407791,0.20632463667325823,5,256
38042,30,70,4,256,1.5734367370605469,0.000363,0.000361,24.710230112075806,2.1603050231933594,0.8552,69.8,69.78,0.0003660093682741275,0.5,0.18626259427183606,5,256
38042,31,70,0,256,1.563401460647583,0.00036,0.00036,24.502411603927612,2.1727454662323,0.8116,71.11,70.38,0.00035996240070477407,0.34234005784372074,0.25668365729351295,5,256
38042,31,70,1,256,1.6767373085021973,0.000177,0.000171,24.075286149978638,2.4225070476531982,0.9325,67.11,68.45,0.0002610457762689696,0.4351200264873825,0.2988852362414701,5,256
38042,31,70,2,256,1.7262566089630127,0.000316,0.000305,23.563546657562256,2.797973871231079,0.7354,73.84,73.21,0.00046580972075259094,0.08322155840047196,0.21704259365986278,5,256
38042,31,70,3,256,1.6697964668273926,2.49e-07,4.91e-05,24.11041498184204,3.194072723388672,0.6805,75.96,74.52,0.0002441756069039894,0.427017108353093,0.27804434317397886,5,256
38042,31,70,4,256,1.5981266498565674,0.000361,0.000358,24.227922439575195,2.3392889499664307,0.852,69.97,70.27,0.0003660093682741275,0.5,0.18626259427183606,5,256
38042,32,70,0,256,1.5626904964447021,0.00036,0.000359,25.48388648033142,2.42268705368042,0.8046,71.31,71.49,0.00035996240070477407,0.34234005784372074,0.25668365729351295,5,256
38042,32,70,1,256,1.565964937210083,0.000171,0.000165,25.498753309249878,2.301459789276123,0.92,67.33,67.36,0.0002610457762689696,0.4351200264873825,0.2988852362414701,5,256
38042,32,70,2,256,1.5778076648712158,0.000305,0.000294,25.39556646347046,2.2037224769592285,0.7246,74.28,73.28,0.00046580972075259094,0.08322155840047196,0.21704259365986278,5,256
38042,32,70,3,256,1.558577299118042,4.91e-05,9.79e-05,24.972928047180176,2.2892181873321533,0.6517,76.95,74.6,0.0002441756069039894,0.427017108353093,0.27804434317397886,5,256
38042,32,70,4,256,1.7491466999053955,0.000358,0.000356,24.208266496658325,3.2158286571502686,0.8389,70.29,70.95,0.0003660093682741275,0.5,0.18626259427183606,5,256
38042,33,70,0,256,1.5938456058502197,0.000359,0.000358,24.717851638793945,2.625702142715454,0.795,71.68,71.81,0.00035996240070477407,0.34234005784372074,0.25668365729351295,5,256
38042,33,70,1,256,1.5755667686462402,0.000165,0.000159,25.124985694885254,2.112579584121704,0.9103,67.83,68.2,0.0002610457762689696,0.4351200264873825,0.2988852362414701,5,256
38042,33,70,2,256,1.5857996940612793,0.000294,0.000283,24.93632411956787,2.191497564315796,0.7081,74.95,73.68,0.00046580972075259094,0.08322155840047196,0.21704259365986278,5,256
38042,33,70,3,256,1.5649449825286865,9.79e-05,0.000147,24.692193746566772,2.2875194549560547,0.6558,76.8,74.91,0.0002441756069039894,0.427017108353093,0.27804434317397886,5,256
38042,33,70,4,256,1.5606656074523926,0.000356,0.000353,24.852954626083374,2.1529905796051025,0.835,70.39,70.19,0.0003660093682741275,0.5,0.18626259427183606,5,256
38042,34,70,0,256,1.6259596347808838,0.000358,0.000357,24.436670541763306,2.213386058807373,0.7873,72.23,71.93,0.00035996240070477407,0.34234005784372074,0.25668365729351295,5,256
38042,34,70,1,256,1.7085187435150146,0.000159,0.000153,23.787144422531128,2.587268590927124,0.8981,68.23,69.19,0.0002610457762689696,0.4351200264873825,0.2988852362414701,5,256
38042,34,70,2,256,1.730299711227417,0.000283,0.000272,23.787691831588745,3.197435140609741,0.6889,75.64,73.52,0.00046580972075259094,0.08322155840047196,0.21704259365986278,5,256
38042,34,70,3,256,1.567711353302002,0.000147,0.000196,24.64599108695984,2.2762277126312256,0.665,76.28,73.72,0.0002441756069039894,0.427017108353093,0.27804434317397886,5,256
38042,34,70,4,256,1.5704684257507324,0.000353,0.000349,24.644443035125732,2.1873209476470947,0.8257,70.94,70.43,0.0003660093682741275,0.5,0.18626259427183606,5,256
38042,35,70,0,256,1.5648398399353027,0.000357,0.000355,24.653449535369873,2.1275038719177246,0.7785,72.61,72.34,0.00035996240070477407,0.34234005784372074,0.25668365729351295,5,256
38042,35,70,1,256,1.5706868171691895,0.000153,0.000147,24.612915515899658,2.1618101596832275,0.8923,68.34,68.54,0.0002610457762689696,0.4351200264873825,0.2988852362414701,5,256
38042,35,70,2,256,1.5712807178497314,0.000272,0.000261,24.63546061515808,2.2786433696746826,0.6717,76.03,74.37,0.00046580972075259094,0.08322155840047196,0.21704259365986278,5,256
38042,35,70,3,256,1.562654972076416,0.000196,0.000244,24.63209295272827,2.094846725463867,0.6757,76.2,74.0,0.0002441756069039894,0.427017108353093,0.27804434317397886,5,256
38042,35,70,4,256,1.7301363945007324,0.000349,0.000345,23.85581135749817,2.5741841793060303,0.8228,70.98,71.54,0.0003660093682741275,0.5,0.18626259427183606,5,256
38042,36,70,0,256,1.685502052307129,0.000355,0.000352,24.0603609085083,3.175597906112671,0.772,72.61,72.37,0.00035996240070477407,0.34234005784372074,0.25668365729351295,5,256
38042,36,70,1,256,1.574875831604004,2.98e-07,5.87e-05,24.52426528930664,2.396387815475464,0.627,77.81,76.08,0.0002917661696515262,0.49727262108778647,0.3098434224489126,5,256
38042,36,70,2,256,1.5886011123657227,0.000261,0.00025,24.72615075111389,2.5112156867980957,0.6609,76.91,75.34,0.00046580972075259094,0.08322155840047196,0.21704259365986278,5,256
38042,36,70,3,256,1.6319868564605713,0.000244,0.000244,24.96442937850952,2.513831615447998,0.6881,75.82,74.05,0.0002441756069039894,0.427017108353093,0.27804434317397886,5,256
38042,36,70,4,256,1.6547422409057617,0.000345,0.000341,24.975979566574097,2.54728102684021,0.812,71.41,70.71,0.0003660093682741275,0.5,0.18626259427183606,5,256
38042,37,70,0,256,1.576913833618164,0.000352,0.00035,25.468657732009888,2.850424289703369,0.7682,72.83,72.39,0.00035996240070477407,0.34234005784372074,0.25668365729351295,5,256
38042,37,70,1,256,1.8182685375213623,5.87e-05,0.000117,24.173247575759888,3.230480432510376,0.612,78.2,76.19,0.0002917661696515262,0.49727262108778647,0.3098434224489126,5,256
38042,37,70,2,256,1.5759141445159912,0.00025,0.000239,25.201023817062378,2.282113790512085,0.6463,77.13,75.86,0.00046580972075259094,0.08322155840047196,0.21704259365986278,5,256
38042,37,70,3,256,1.5852742195129395,0.000244,0.000244,24.80301809310913,2.2313783168792725,0.6795,76.06,73.78,0.0002441756069039894,0.427017108353093,0.27804434317397886,5,256
38042,37,70,4,256,1.579909086227417,0.000341,0.000336,25.069266319274902,2.199719190597534,0.8134,71.35,70.41,0.0003660093682741275,0.5,0.18626259427183606,5,256
38042,38,70,0,256,1.6215715408325195,0.00035,0.000347,24.781299352645874,2.343754291534424,0.7528,73.47,72.8,0.00035996240070477407,0.34234005784372074,0.25668365729351295,5,256
38042,38,70,1,256,1.6403563022613525,0.000117,0.000175,24.846386432647705,2.3949482440948486,0.6176,78.21,75.55,0.0002917661696515262,0.49727262108778647,0.3098434224489126,5,256
38042,38,70,2,256,1.7348136901855469,0.000239,0.000228,24.09737539291382,2.7832372188568115,0.6288,77.81,75.74,0.00046580972075259094,0.08322155840047196,0.21704259365986278,5,256
38042,38,70,3,256,1.7277019023895264,0.000244,0.000243,23.727625608444214,3.243839979171753,0.6749,76.09,74.08,0.0002441756069039894,0.427017108353093,0.27804434317397886,5,256
38042,38,70,4,256,1.5863709449768066,0.000336,0.000331,24.78956961631775,2.244920253753662,0.7997,71.93,72.05,0.0003660093682741275,0.5,0.18626259427183606,5,256
38042,39,70,0,256,1.574753999710083,0.000347,0.000343,24.88412380218506,2.2635536193847656,0.7486,73.57,72.58,0.00035996240070477407,0.34234005784372074,0.25668365729351295,5,256
38042,39,70,1,256,1.6044015884399414,0.000175,0.000234,24.54280400276184,2.1815173625946045,0.6437,77.15,75.17,0.0002917661696515262,0.49727262108778647,0.3098434224489126,5,256
38042,39,70,2,256,1.6110126972198486,0.000228,0.000217,24.699277877807617,2.220824956893921,0.6144,78.2,75.53,0.00046580972075259094,0.08322155840047196,0.21704259365986278,5,256
38042,39,70,3,256,1.6348814964294434,0.000243,0.000242,24.850355863571167,2.224327564239502,0.6702,76.53,74.78,0.0002441756069039894,0.427017108353093,0.27804434317397886,5,256
38042,39,70,4,256,1.818429946899414,0.000331,0.000326,24.100467920303345,2.8239893913269043,0.7947,71.9,71.9,0.0003660093682741275,0.5,0.18626259427183606,5,256
38042,40,70,0,256,1.7189655303955078,0.000343,0.000339,23.89030694961548,3.1568238735198975,0.742,73.77,73.3,0.00035996240070477407,0.34234005784372074,0.25668365729351295,5,256
38042,40,70,1,256,1.5841054916381836,0.000234,0.000292,25.109858512878418,2.2132632732391357,0.6617,76.67,75.39,0.0002917661696515262,0.49727262108778647,0.3098434224489126,5,256
38042,40,70,2,256,1.5632095336914062,0.000217,0.000205,24.875417470932007,2.2318623065948486,0.5987,78.78,76.25,0.00046580972075259094,0.08322155840047196,0.21704259365986278,5,256
38042,40,70,3,256,1.6233744621276855,0.000242,0.000241,24.974255084991455,2.2185933589935303,0.6647,76.34,74.65,0.0002441756069039894,0.427017108353093,0.27804434317397886,5,256
38042,40,70,4,256,1.6303060054779053,0.000326,0.00032,24.763790130615234,2.1671109199523926,0.7915,72.37,72.19,0.0003660093682741275,0.5,0.18626259427183606,5,256
38042,41,70,0,256,1.679896354675293,0.000339,0.000335,25.010085105895996,2.186619758605957,0.7383,73.81,73.95,0.00035996240070477407,0.34234005784372074,0.25668365729351295,5,256
38042,41,70,1,256,1.6868369579315186,0.000292,0.000292,25.403607845306396,3.2448229789733887,0.6771,76.22,74.6,0.0002917661696515262,0.49727262108778647,0.3098434224489126,5,256
38042,41,70,2,256,1.6473703384399414,0.000205,0.000194,25.67616891860962,2.28652024269104,0.5895,79.1,76.08,0.00046580972075259094,0.08322155840047196,0.21704259365986278,5,256
38042,41,70,3,256,1.580953598022461,0.000241,0.000239,25.502657890319824,2.2257964611053467,0.6596,76.74,74.95,0.0002441756069039894,0.427017108353093,0.27804434317397886,5,256
38042,41,70,4,256,1.6103005409240723,5.65e-07,0.000111,25.006951570510864,2.156799077987671,0.552,80.45,77.2,0.0005535546109995081,0.5,0.25070122668799566,5,256
38042,42,70,0,256,1.598829984664917,0.000335,0.000331,25.017306566238403,2.258693218231201,0.7263,74.4,74.16,0.00035996240070477407,0.34234005784372074,0.25668365729351295,5,256
38042,42,70,1,256,1.6799976825714111,0.000292,0.000291,25.26857566833496,2.7383220195770264,0.6806,75.86,74.28,0.0002917661696515262,0.49727262108778647,0.3098434224489126,5,256
38042,42,70,2,256,1.7385294437408447,0.000194,0.000183,25.651405096054077,2.8567826747894287,0.5712,79.82,76.72,0.00046580972075259094,0.08322155840047196,0.21704259365986278,5,256
38042,42,70,3,256,1.614687204360962,0.000239,0.000237,25.78217124938965,2.2184650897979736,0.6586,76.81,75.17,0.0002441756069039894,0.427017108353093,0.27804434317397886,5,256
38042,42,70,4,256,1.5907204151153564,0.000111,0.000222,25.32017946243286,2.177584648132324,0.5717,79.93,76.47,0.0005535546109995081,0.5,0.25070122668799566,5,256
38042,43,70,0,256,1.607508659362793,0.000331,0.000326,24.808318376541138,2.2356038093566895,0.718,74.7,74.06,0.00035996240070477407,0.34234005784372074,0.25668365729351295,5,256
38042,43,70,1,256,1.569220781326294,0.000291,0.00029,25.0466570854187,2.2742366790771484,0.6767,76.13,74.03,0.0002917661696515262,0.49727262108778647,0.3098434224489126,5,256
38042,43,70,2,256,1.7863705158233643,0.000183,0.000172,24.2174813747406,3.172672986984253,0.5579,80.22,76.78,0.00046580972075259094,0.08322155840047196,0.21704259365986278,5,256
38042,43,70,3,256,1.616943597793579,0.000237,0.000235,25.06857395172119,2.7248284816741943,0.6501,76.96,75.63,0.0002441756069039894,0.427017108353093,0.27804434317397886,5,256
38042,43,70,4,256,1.6179769039154053,0.000222,0.000333,25.853172063827515,2.280853271484375,0.6163,78.06,75.22,0.0005535546109995081,0.5,0.25070122668799566,5,256
38042,44,70,0,256,1.6039509773254395,0.000326,0.00032,25.37458086013794,2.3833770751953125,0.713,74.96,73.98,0.00035996240070477407,0.34234005784372074,0.25668365729351295,5,256
38042,44,70,1,256,1.5982778072357178,0.00029,0.000289,25.436388969421387,2.27158522605896,0.6734,76.24,74.92,0.0002917661696515262,0.49727262108778647,0.3098434224489126,5,256
38042,44,70,2,256,1.7238571643829346,0.000172,0.000162,25.16892409324646,2.9445972442626953,0.5422,80.78,76.6,0.00046580972075259094,0.08322155840047196,0.21704259365986278,5,256
38042,44,70,3,256,1.798248529434204,0.000235,0.000233,24.733275413513184,3.113879680633545,0.65,76.93,74.8,0.0002441756069039894,0.427017108353093,0.27804434317397886,5,256
38042,44,70,4,256,1.6527073383331299,0.000333,0.000443,25.970365524291992,2.429021120071411,0.6644,76.41,73.43,0.0005535546109995081,0.5,0.25070122668799566,5,256
38042,45,70,0,256,1.6762681007385254,0.00032,0.000315,25.607388734817505,2.3413071632385254,0.7091,75.14,74.45,0.00035996240070477407,0.34234005784372074,0.25668365729351295,5,256
38042,45,70,1,256,1.6148808002471924,0.000289,0.000288,25.664963483810425,2.3014228343963623,0.6817,76.08,74.45,0.0002917661696515262,0.49727262108778647,0.3098434224489126,5,256
38042,45,70,2,256,1.8131625652313232,0.000162,0.000151,24.90614342689514,2.9994864463806152,0.5305,81.24,77.43,0.00046580972075259094,0.08322155840047196,0.21704259365986278,5,256
38042,45,70,3,256,1.7741639614105225,0.000233,0.00023,25.075883626937866,2.875610113143921,0.6417,77.4,73.63,0.0002441756069039894,0.427017108353093,0.27804434317397886,5,256
38042,45,70,4,256,1.634500503540039,0.000443,0.000554,25.84231996536255,2.2585232257843018,0.7168,74.55,71.4,0.0005535546109995081,0.5,0.25070122668799566,5,256
38042,46,70,0,256,1.6141953468322754,0.000315,0.000309,25.750680685043335,2.2861337661743164,0.6962,75.36,74.39,0.00035996240070477407,0.34234005784372074,0.25668365729351295,5,256
38042,46,70,1,256,1.642972707748413,0.000288,0.000286,25.645159482955933,2.2753617763519287,0.6698,76.25,74.81,0.0002917661696515262,0.49727262108778647,0.3098434224489126,5,256
38042,46,70,2,256,1.8121531009674072,0.000151,0.000141,25.457893133163452,3.2851128578186035,0.5197,81.6,77.18,0.00046580972075259094,0.08322155840047196,0.21704259365986278,5,256
38042,46,70,3,256,1.6637752056121826,0.00023,0.000227,26.063611268997192,2.2756903171539307,0.6359,77.64,75.0,0.0002441756069039894,0.427017108353093,0.27804434317397886,5,256
38042,46,70,4,256,1.620591402053833,3.81e-07,7.51e-05,25.897233963012695,2.3241846561431885,0.4956,82.26,78.33,0.00037335173739611965,0.5,0.15607098779143497,5,256
38042,47,70,0,256,1.6390659809112549,0.000309,0.000303,25.690141439437866,2.299086332321167,0.6913,75.68,75.6,0.00035996240070477407,0.34234005784372074,0.25668365729351295,5,256
38042,47,70,1,256,1.6185963153839111,0.000286,0.000284,25.81798267364502,2.4542641639709473,0.6688,76.29,74.57,0.0002917661696515262,0.49727262108778647,0.3098434224489126,5,256
38042,47,70,2,256,1.8432824611663818,0.000141,0.00013,25.044049501419067,3.304610252380371,0.5037,82.08,77.91,0.00046580972075259094,0.08322155840047196,0.21704259365986278,5,256
38042,47,70,3,256,1.6081702709197998,0.000227,0.000224,26.055461883544922,2.295233726501465,0.6328,77.68,75.71,0.0002441756069039894,0.427017108353093,0.27804434317397886,5,256
38042,47,70,4,256,1.6366870403289795,7.51e-05,0.00015,25.654468536376953,2.2741663455963135,0.5045,82.08,77.89,0.00037335173739611965,0.5,0.15607098779143497,5,256
38042,48,70,0,256,1.6293227672576904,0.000303,0.000296,25.228957891464233,2.246060371398926,0.6795,76.08,75.13,0.00035996240070477407,0.34234005784372074,0.25668365729351295,5,256
38042,48,70,1,256,1.7319202423095703,0.000284,0.000281,25.55046010017395,2.827306032180786,0.6727,76.07,74.53,0.0002917661696515262,0.49727262108778647,0.3098434224489126,5,256
38042,48,70,2,256,1.7576849460601807,0.00013,0.00012,24.765527486801147,3.0247585773468018,0.4907,82.62,77.8,0.00046580972075259094,0.08322155840047196,0.21704259365986278,5,256
38042,48,70,3,256,1.643777847290039,0.000224,0.000221,26.143467903137207,2.2584056854248047,0.6292,77.74,75.73,0.0002441756069039894,0.427017108353093,0.27804434317397886,5,256
38042,48,70,4,256,1.6002938747406006,0.00015,0.000224,25.275620460510254,2.2713613510131836,0.5307,81.25,76.97,0.00037335173739611965,0.5,0.15607098779143497,5,256
38042,49,70,0,256,1.5956594944000244,0.000296,0.000289,25.31310772895813,2.2316226959228516,0.6745,75.91,74.76,0.00035996240070477407,0.34234005784372074,0.25668365729351295,5,256
38042,49,70,1,256,1.6142852306365967,0.000281,0.000278,25.31380581855774,2.4216573238372803,0.6722,76.14,75.15,0.0002917661696515262,0.49727262108778647,0.3098434224489126,5,256
38042,49,70,2,256,1.8147549629211426,0.00012,0.000111,24.616929531097412,3.2420473098754883,0.4758,83.32,78.18,0.00046580972075259094,0.08322155840047196,0.21704259365986278,5,256
38042,49,70,3,256,1.5908243656158447,0.000221,0.000217,25.33749508857727,2.2432806491851807,0.6218,78.0,75.71,0.0002441756069039894,0.427017108353093,0.27804434317397886,5,256
38042,49,70,4,256,1.6510825157165527,0.000224,0.000299,25.450744152069092,2.2471399307250977,0.5765,79.55,75.61,0.00037335173739611965,0.5,0.15607098779143497,5,256
38042,50,70,0,256,1.5896461009979248,0.000289,0.000282,25.272146463394165,2.2242493629455566,0.6657,76.51,74.26,0.00035996240070477407,0.34234005784372074,0.25668365729351295,5,256
38042,50,70,1,256,1.5780322551727295,0.000278,0.000275,25.227558851242065,2.1862294673919678,0.671,76.26,75.52,0.0002917661696515262,0.49727262108778647,0.3098434224489126,5,256
38042,50,70,2,256,1.7205042839050293,0.000111,0.000101,24.701247930526733,2.8358731269836426,0.4671,83.46,78.22,0.00046580972075259094,0.08322155840047196,0.21704259365986278,5,256
38042,50,70,3,256,1.7882370948791504,0.000217,0.000214,24.65831160545349,3.0012500286102295,0.617,78.18,76.12,0.0002441756069039894,0.427017108353093,0.27804434317397886,5,256
38042,50,70,4,256,1.596221685409546,0.000299,0.000373,25.727583169937134,2.2290265560150146,0.6112,78.13,75.0,0.00037335173739611965,0.5,0.15607098779143497,5,256
38042,51,70,0,256,1.6290316581726074,4.28e-07,8.43e-05,25.266485691070557,2.2321605682373047,0.4588,83.56,78.64,0.0004192019286653853,0.3069949647772656,0.16446627111480136,5,256
38042,51,70,1,256,1.584623098373413,0.000275,0.000272,25.08446431159973,2.1837949752807617,0.6617,76.67,75.27,0.0002917661696515262,0.49727262108778647,0.3098434224489126,5,256
38042,51,70,2,256,1.6000871658325195,0.000101,9.23e-05,25.341569662094116,2.27778697013855,0.4574,83.74,78.12,0.00046580972075259094,0.08322155840047196,0.21704259365986278,5,256
38042,51,70,3,256,1.7448582649230957,0.000214,0.00021,24.52388834953308,3.23561692237854,0.6098,78.61,75.34,0.0002441756069039894,0.427017108353093,0.27804434317397886,5,256
38042,51,70,4,256,1.6370313167572021,0.000373,0.000373,25.304286003112793,2.488637924194336,0.6309,77.79,74.77,0.00037335173739611965,0.5,0.15607098779143497,5,256
38042,52,70,0,256,1.6340758800506592,8.43e-05,0.000168,25.4981906414032,2.2502834796905518,0.4831,82.75,78.15,0.0004192019286653853,0.3069949647772656,0.16446627111480136,5,256
38042,52,70,1,256,1.5996625423431396,0.000272,0.000268,25.50159478187561,2.1953623294830322,0.6672,76.64,75.33,0.0002917661696515262,0.49727262108778647,0.3098434224489126,5,256
38042,52,70,2,256,1.5995900630950928,9.23e-05,8.35e-05,25.396318674087524,2.2342443466186523,0.4468,84.19,78.28,0.00046580972075259094,0.08322155840047196,0.21704259365986278,5,256
38042,52,70,3,256,1.6893489360809326,0.00021,0.000205,25.02496337890625,2.855886697769165,0.6107,78.46,76.38,0.0002441756069039894,0.427017108353093,0.27804434317397886,5,256
38042,52,70,4,256,1.7089738845825195,0.000373,0.000372,24.844919681549072,2.9685583114624023,0.6429,77.07,75.17,0.00037335173739611965,0.5,0.15607098779143497,5,256
38042,53,70,0,256,1.6390039920806885,0.000168,0.000252,25.552875995635986,2.2613933086395264,0.52,81.44,77.58,0.0004192019286653853,0.3069949647772656,0.16446627111480136,5,256
38042,53,70,1,256,1.597466230392456,0.000268,0.000264,25.49916100502014,2.275019645690918,0.6633,76.62,74.82,0.0002917661696515262,0.49727262108778647,0.3098434224489126,5,256
38042,53,70,2,256,1.6298375129699707,8.35e-05,7.51e-05,25.31356430053711,2.252864360809326,0.4321,84.67,78.61,0.00046580972075259094,0.08322155840047196,0.21704259365986278,5,256
38042,53,70,3,256,1.6546885967254639,0.000205,0.000201,25.158296585083008,2.5505473613739014,0.6005,78.79,76.01,0.0002441756069039894,0.427017108353093,0.27804434317397886,5,256
38042,53,70,4,256,1.789149522781372,0.000372,0.000371,24.584962844848633,3.1675896644592285,0.6479,76.9,75.51,0.00037335173739611965,0.5,0.15607098779143497,5,256
38042,54,70,0,256,1.6019504070281982,0.000252,0.000336,25.423041343688965,2.2397634983062744,0.5731,79.61,76.1,0.0004192019286653853,0.3069949647772656,0.16446627111480136,5,256
38042,54,70,1,256,1.618051528930664,0.000264,0.00026,25.385591506958008,2.2742578983306885,0.6556,76.88,75.41,0.0002917661696515262,0.49727262108778647,0.3098434224489126,5,256
38042,54,70,2,256,1.60933256149292,7.51e-05,6.71e-05,25.42525815963745,2.221231460571289,0.4241,84.94,78.33,0.00046580972075259094,0.08322155840047196,0.21704259365986278,5,256
38042,54,70,3,256,1.6171674728393555,0.000201,0.000196,25.339664459228516,2.2030253410339355,0.6055,78.7,75.87,0.0002441756069039894,0.427017108353093,0.27804434317397886,5,256
38042,54,70,4,256,1.7363195419311523,0.000371,0.00037,24.56614589691162,3.0941271781921387,0.6503,76.94,74.93,0.00037335173739611965,0.5,0.15607098779143497,5,256
38042,55,70,0,256,1.7186987400054932,0.000336,0.000419,25.342167615890503,2.490091323852539,0.6064,78.35,75.22,0.0004192019286653853,0.3069949647772656,0.16446627111480136,5,256
38042,55,70,1,256,1.5833981037139893,0.00026,0.000255,25.54114317893982,2.1762778759002686,0.6515,76.99,75.74,0.0002917661696515262,0.49727262108778647,0.3098434224489126,5,256
38042,55,70,2,256,1.6258931159973145,6.71e-05,5.94e-05,25.257445573806763,2.211324453353882,0.4138,85.32,79.02,0.00046580972075259094,0.08322155840047196,0.21704259365986278,5,256
38042,55,70,3,256,1.6153113842010498,0.000196,0.000192,25.03647470474243,2.202981948852539,0.5858,79.37,75.86,0.0002441756069039894,0.427017108353093,0.27804434317397886,5,256
38042,55,70,4,256,1.660703420639038,0.00037,0.000368,25.969651460647583,2.9273788928985596,0.6534,76.87,72.33,0.00037335173739611965,0.5,0.15607098779143497,5,256
38042,56,70,0,256,1.7665562629699707,0.000419,0.000419,25.097564697265625,2.9287261962890625,0.6381,77.3,75.1,0.0004192019286653853,0.3069949647772656,0.16446627111480136,5,256
38042,56,70,1,256,1.6203315258026123,0.000255,0.00025,25.660163640975952,2.3438265323638916,0.6549,76.96,75.26,0.0002917661696515262,0.49727262108778647,0.3098434224489126,5,256
38042,56,70,2,256,1.6257238388061523,5.94e-05,5.22e-05,25.56068992614746,2.258815288543701,0.4033,85.81,78.78,0.00046580972075259094,0.08322155840047196,0.21704259365986278,5,256
38042,56,70,3,256,1.6347038745880127,0.000192,0.000187,25.39361333847046,2.368652820587158,0.5834,79.53,76.33,0.0002441756069039894,0.427017108353093,0.27804434317397886,5,256
38042,56,70,4,256,1.673335075378418,4.69e-07,9.24e-05,25.158894300460815,2.7215850353240967,0.4131,85.38,78.79,0.0004596857325746771,0.43691229865660836,0.1980296121392649,5,256
38042,57,70,0,256,1.7807180881500244,0.000419,0.000418,24.66592764854431,3.2052338123321533,0.6341,77.37,75.13,0.0004192019286653853,0.3069949647772656,0.16446627111480136,5,256
38042,57,70,1,256,1.6147594451904297,0.00025,0.000245,25.52867603302002,2.307965040206909,0.6482,77.15,76.2,0.0002917661696515262,0.49727262108778647,0.3098434224489126,5,256
38042,57,70,2,256,1.6356558799743652,5.22e-05,4.54e-05,25.595757484436035,2.284459114074707,0.3944,86.0,78.83,0.00046580972075259094,0.08322155840047196,0.21704259365986278,5,256
38042,57,70,3,256,1.6392912864685059,0.000187,0.000182,25.502726078033447,2.211705446243286,0.5748,79.77,76.24,0.0002441756069039894,0.427017108353093,0.27804434317397886,5,256
38042,57,70,4,256,1.6352174282073975,9.24e-05,0.000184,25.55032753944397,2.527308940887451,0.4502,83.91,77.95,0.0004596857325746771,0.43691229865660836,0.1980296121392649,5,256
38042,58,70,0,256,1.8283302783966064,0.000418,0.000417,24.92593288421631,3.2117502689361572,0.6318,77.56,75.39,0.0004192019286653853,0.3069949647772656,0.16446627111480136,5,256
38042,58,70,1,256,1.6110618114471436,0.000245,0.00024,25.64818787574768,2.295668840408325,0.6441,77.42,75.62,0.0002917661696515262,0.49727262108778647,0.3098434224489126,5,256
38042,58,70,2,256,1.656034231185913,4.54e-05,3.9e-05,25.57688546180725,2.2816333770751953,0.3842,86.29,78.96,0.00046580972075259094,0.08322155840047196,0.21704259365986278,5,256
38042,58,70,3,256,1.6171443462371826,0.000182,0.000176,25.67805528640747,2.2298195362091064,0.5738,79.81,77.39,0.0002441756069039894,0.427017108353093,0.27804434317397886,5,256
38042,58,70,4,256,1.6354646682739258,0.000184,0.000276,25.685561180114746,2.7089669704437256,0.4969,82.34,77.31,0.0004596857325746771,0.43691229865660836,0.1980296121392649,5,256
38042,59,70,0,256,1.7393653392791748,0.000417,0.000415,25.26664090156555,3.0585389137268066,0.6344,77.44,75.16,0.0004192019286653853,0.3069949647772656,0.16446627111480136,5,256
38042,59,70,1,256,1.6184566020965576,0.00024,0.000235,25.68553113937378,2.2314112186431885,0.6413,77.31,75.99,0.0002917661696515262,0.49727262108778647,0.3098434224489126,5,256
38042,59,70,2,256,1.637171983718872,3.9e-05,3.3e-05,25.379754781723022,2.1675472259521484,0.3819,86.43,78.98,0.00046580972075259094,0.08322155840047196,0.21704259365986278,5,256
38042,59,70,3,256,1.6477444171905518,0.000176,0.000171,25.42922830581665,2.2375452518463135,0.5665,80.11,77.18,0.0002441756069039894,0.427017108353093,0.27804434317397886,5,256
38042,59,70,4,256,1.6919190883636475,0.000276,0.000368,24.93105387687683,2.5710885524749756,0.5566,80.24,76.45,0.0004596857325746771,0.43691229865660836,0.1980296121392649,5,256
38042,60,70,0,256,1.7317254543304443,0.000415,0.000413,24.574735641479492,3.1372272968292236,0.632,77.33,75.53,0.0004192019286653853,0.3069949647772656,0.16446627111480136,5,256
38042,60,70,1,256,1.6233704090118408,0.000235,0.000229,25.67424178123474,2.309384346008301,0.6394,77.61,75.45,0.0002917661696515262,0.49727262108778647,0.3098434224489126,5,256
38042,60,70,2,256,1.6082801818847656,3.3e-05,2.76e-05,25.643333911895752,2.2178165912628174,0.3736,86.58,79.26,0.00046580972075259094,0.08322155840047196,0.21704259365986278,5,256
38042,60,70,3,256,1.6107354164123535,0.000171,0.000166,25.307131052017212,2.235549211502075,0.5588,80.42,77.76,0.0002441756069039894,0.427017108353093,0.27804434317397886,5,256
38042,60,70,4,256,1.593888521194458,0.000368,0.00046,25.42756676673889,2.2999658584594727,0.6033,78.43,75.94,0.0004596857325746771,0.43691229865660836,0.1980296121392649,5,256
38042,61,70,0,256,1.7632005214691162,0.000413,0.00041,26.016996145248413,3.19006085395813,0.6347,77.52,75.24,0.0004192019286653853,0.3069949647772656,0.16446627111480136,5,256
38042,61,70,1,256,1.6189491748809814,2.94e-07,5.79e-05,25.63029670715332,2.2901670932769775,0.3906,86.03,79.34,0.00028809369933882557,0.5,0.3446755770395824,5,256
38042,61,70,2,256,1.6036205291748047,2.76e-05,2.26e-05,25.282569885253906,2.2899818420410156,0.3648,86.97,79.26,0.00046580972075259094,0.08322155840047196,0.21704259365986278,5,256
38042,61,70,3,256,1.640742540359497,0.000166,0.00016,25.63997530937195,2.2795116901397705,0.5567,80.41,77.48,0.0002441756069039894,0.427017108353093,0.27804434317397886,5,256
38042,61,70,4,256,1.6201965808868408,0.00046,0.000459,25.59656262397766,2.257666826248169,0.6371,77.18,75.54,0.0004596857325746771,0.43691229865660836,0.1980296121392649,5,256
38042,62,70,0,256,1.7719860076904297,0.00041,0.000407,24.543023824691772,3.4157156944274902,0.6285,77.66,74.99,0.0004192019286653853,0.3069949647772656,0.16446627111480136,5,256
38042,62,70,1,256,1.5920562744140625,5.79e-05,0.000116,25.651153802871704,2.3146543502807617,0.4209,85.12,78.79,0.00028809369933882557,0.5,0.3446755770395824,5,256
38042,62,70,2,256,1.6297025680541992,2.26e-05,1.81e-05,25.514251470565796,2.2673099040985107,0.3589,87.16,79.08,0.00046580972075259094,0.08322155840047196,0.21704259365986278,5,256
38042,62,70,3,256,1.6144256591796875,0.00016,0.000155,25.8387393951416,2.278191089630127,0.548,80.75,77.06,0.0002441756069039894,0.427017108353093,0.27804434317397886,5,256
38042,62,70,4,256,1.5987298488616943,0.000459,0.000459,25.659145832061768,2.3515398502349854,0.6465,77.14,73.78,0.0004596857325746771,0.43691229865660836,0.1980296121392649,5,256
38042,63,70,0,256,1.727097988128662,0.000407,0.000404,25.07664966583252,2.9812347888946533,0.6318,77.55,75.87,0.0004192019286653853,0.3069949647772656,0.16446627111480136,5,256
38042,63,70,1,256,1.7487461566925049,0.000116,0.000173,25.335978984832764,2.8892667293548584,0.4464,84.18,78.43,0.00028809369933882557,0.5,0.3446755770395824,5,256
38042,63,70,2,256,1.6089322566986084,1.81e-05,1.42e-05,25.69291925430298,2.2894539833068848,0.3581,87.23,79.28,0.00046580972075259094,0.08322155840047196,0.21704259365986278,5,256
38042,63,70,3,256,1.6158978939056396,0.000155,0.000149,25.729642868041992,2.1933443546295166,0.5413,81.06,77.49,0.0002441756069039894,0.427017108353093,0.27804434317397886,5,256
38042,63,70,4,256,1.6332852840423584,0.000459,0.000457,25.34273362159729,2.2370100021362305,0.6495,76.89,75.41,0.0004596857325746771,0.43691229865660836,0.1980296121392649,5,256
38042,64,70,0,256,1.6415555477142334,0.000404,0.0004,25.200812339782715,2.5672762393951416,0.6209,78.01,75.49,0.0004192019286653853,0.3069949647772656,0.16446627111480136,5,256
38042,64,70,1,256,1.8256559371948242,0.000173,0.000231,24.603870153427124,3.2555150985717773,0.4912,82.48,77.48,0.00028809369933882557,0.5,0.3446755770395824,5,256
38042,64,70,2,256,1.6015126705169678,1.42e-05,1.07e-05,26.066446781158447,2.329392194747925,0.353,87.49,79.29,0.00046580972075259094,0.08322155840047196,0.21704259365986278,5,256
38042,64,70,3,256,1.6290371417999268,0.000149,0.000143,25.95762848854065,2.285841226577759,0.5383,81.17,77.46,0.0002441756069039894,0.427017108353093,0.27804434317397886,5,256
38042,64,70,4,256,1.6089060306549072,0.000457,0.000455,25.71599578857422,2.3461966514587402,0.6582,76.83,75.73,0.0004596857325746771,0.43691229865660836,0.1980296121392649,5,256
38042,65,70,0,256,1.617222547531128,0.0004,0.000395,25.467233657836914,2.3529417514801025,0.6216,77.95,76.04,0.0004192019286653853,0.3069949647772656,0.16446627111480136,5,256
38042,65,70,1,256,1.7427351474761963,0.000231,0.000288,24.288334608078003,3.230015993118286,0.525,81.19,76.96,0.00028809369933882557,0.5,0.3446755770395824,5,256
38042,65,70,2,256,1.6773769855499268,1.07e-05,7.74e-06,25.28682780265808,2.4314026832580566,0.3504,87.42,79.2,0.00046580972075259094,0.08322155840047196,0.21704259365986278,5,256
38042,65,70,3,256,1.6009161472320557,0.000143,0.000137,25.400182723999023,2.334327459335327,0.5321,81.33,77.79,0.0002441756069039894,0.427017108353093,0.27804434317397886,5,256
38042,65,70,4,256,1.6187665462493896,0.000455,0.000453,25.759299278259277,2.1953768730163574,0.6621,76.67,72.99,0.0004596857325746771,0.43691229865660836,0.1980296121392649,5,256
38042,66,70,0,256,1.5964062213897705,0.000395,0.00039,25.289937019348145,2.2387378215789795,0.6148,78.33,75.53,0.0004192019286653853,0.3069949647772656,0.16446627111480136,5,256
38042,66,70,1,256,1.7180495262145996,0.000288,0.000288,25.301767349243164,3.2212331295013428,0.5512,80.45,76.64,0.00028809369933882557,0.5,0.3446755770395824,5,256
38042,66,70,2,256,1.7234842777252197,7.74e-06,5.32e-06,25.30445098876953,2.6290371417999268,0.3488,87.62,79.35,0.00046580972075259094,0.08322155840047196,0.21704259365986278,5,256
38042,66,70,3,256,1.6750378608703613,0.000137,0.000131,25.89114284515381,2.171143054962158,0.5148,81.72,77.69,0.0002441756069039894,0.427017108353093,0.27804434317397886,5,256
38042,66,70,4,256,1.6035916805267334,3.36e-07,6.62e-05,25.60220956802368,2.219588279724121,0.369,86.99,79.22,0.00032915427221629813,0.4038313148125787,0.12407076159181914,5,256
38042,67,70,0,256,1.6865036487579346,0.00039,0.000385,25.417775630950928,2.2273125648498535,0.6086,78.33,75.67,0.0004192019286653853,0.3069949647772656,0.16446627111480136,5,256
38042,67,70,1,256,1.6552963256835938,0.000288,0.000287,25.206361293792725,2.5420405864715576,0.5576,80.13,76.68,0.00028809369933882557,0.5,0.3446755770395824,5,256
38042,67,70,2,256,1.7621071338653564,5.32e-06,3.43e-06,24.69681453704834,3.206165313720703,0.3471,87.63,79.31,0.00046580972075259094,0.08322155840047196,0.21704259365986278,5,256
38042,67,70,3,256,1.5933833122253418,0.000131,0.000125,25.389938831329346,2.242302417755127,0.5114,81.92,78.22,0.0002441756069039894,0.427017108353093,0.27804434317397886,5,256
38042,67,70,4,256,1.6475498676300049,6.62e-05,0.000132,25.555182456970215,2.3061392307281494,0.4013,85.6,78.6,0.00032915427221629813,0.4038313148125787,0.12407076159181914,5,256
38042,68,70,0,256,1.6177594661712646,0.000385,0.000379,26.152817487716675,2.261950731277466,0.6065,78.44,76.46,0.0004192019286653853,0.3069949647772656,0.16446627111480136,5,256
38042,68,70,1,256,1.6047687530517578,0.000287,0.000287,25.733326196670532,2.4874188899993896,0.5675,79.64,76.52,0.00028809369933882557,0.5,0.3446755770395824,5,256
38042,68,70,2,256,1.7740740776062012,3.43e-06,2.08e-06,25.19217324256897,3.0320827960968018,0.3427,87.73,79.26,0.00046580972075259094,0.08322155840047196,0.21704259365986278,5,256
38042,68,70,3,256,1.5944912433624268,0.000125,0.00012,25.678980112075806,2.1950221061706543,0.5066,82.32,78.09,0.0002441756069039894,0.427017108353093,0.27804434317397886,5,256
38042,68,70,4,256,1.590872049331665,0.000132,0.000198,25.771889209747314,2.325483798980713,0.44,84.25,77.47,0.00032915427221629813,0.4038313148125787,0.12407076159181914,5,256
38042,69,70,0,256,1.5861563682556152,0.000379,0.000373,25.523138999938965,2.2606186866760254,0.5966,78.95,75.96,0.0004192019286653853,0.3069949647772656,0.16446627111480136,5,256
38042,69,70,1,256,1.601985216140747,0.000287,0.000285,25.59713053703308,2.2649779319763184,0.5708,79.76,76.39,0.00028809369933882557,0.5,0.3446755770395824,5,256
38042,69,70,2,256,1.9080946445465088,2.08e-06,1.27e-06,24.330950260162354,3.4790031909942627,0.342,87.98,79.46,0.00046580972075259094,0.08322155840047196,0.21704259365986278,5,256
38042,69,70,3,256,1.6153666973114014,0.00012,0.000114,25.509299278259277,2.221473455429077,0.4966,82.49,77.95,0.0002441756069039894,0.427017108353093,0.27804434317397886,5,256
38042,69,70,4,256,1.673079013824463,0.000198,0.000264,25.525962591171265,2.25565767288208,0.4828,82.66,76.77,0.00032915427221629813,0.4038313148125787,0.12407076159181914,5,256
38042,70,70,0,256,1.6021695137023926,0.000373,0.000367,25.399497032165527,2.3446507453918457,0.5969,78.98,77.31,0.0004192019286653853,0.3069949647772656,0.16446627111480136,5,256
38042,70,70,1,256,1.6162848472595215,0.000285,0.000284,25.53445339202881,2.376296043395996,0.5702,79.76,76.8,0.00028809369933882557,0.5,0.3446755770395824,5,256
38042,70,70,2,256,1.7536005973815918,1.27e-06,1e-06,24.59127902984619,3.2345635890960693,0.3463,87.67,79.4,0.00046580972075259094,0.08322155840047196,0.21704259365986278,5,256
38042,70,70,3,256,1.69635009765625,0.000114,0.000108,25.284122467041016,2.6302661895751953,0.4945,82.74,78.75,0.0002441756069039894,0.427017108353093,0.27804434317397886,5,256
38042,70,70,4,256,1.6132714748382568,0.000264,0.000329,25.80181121826172,2.3417582511901855,0.531,80.93,74.92,0.00032915427221629813,0.4038313148125787,0.12407076159181914,5,256
