Seed,Epoch,Train_Loss,Train_Acc,Val_Loss,Val_Acc,LR,WD,Time_Sec
38042,0,1.9745713364028932,0.24418,1.8507481851577758,0.3037,0.0002640000020619482,0.0698980987071991,18.16031050682068
38042,1,1.7574975048065185,0.33738,1.649261349105835,0.3955,0.0002640000020619482,0.0698980987071991,17.65161442756653
38042,2,1.6715740829467773,0.37938,1.6173555166244507,0.4114,0.00021120000747032464,0.06990145146846771,18.207045793533325
38042,3,1.6090016937637328,0.40544,1.5694923875808715,0.4291,0.00021120000747032464,0.06990145146846771,18.395643711090088
38042,4,1.5670600274658204,0.42148,1.5530933616638183,0.4391,0.00016896000306587666,0.06985867023468018,18.897472381591797
38042,5,1.519439139099121,0.44184,1.4389693397521972,0.4842,0.00016896000306587666,0.06985867023468018,18.58461093902588
38042,6,1.4903883660507202,0.45172,1.4109487478256226,0.4818,0.00013516799663193524,0.06986486911773682,18.383531093597412
38042,7,1.460684129676819,0.4661,1.439459407043457,0.4717,0.00013516799663193524,0.06986486911773682,18.497061491012573
38042,8,1.4397232320404052,0.4743,1.4051545791625977,0.4884,0.00016220159886870533,0.06990422308444977,18.802555799484253
38042,9,1.429944343032837,0.47986,1.387281823539734,0.5009,0.00016220159886870533,0.06990422308444977,18.550002336502075
38042,10,1.4172297597503662,0.48312,1.3921711378097534,0.4983,0.00012976127618458122,0.06990896910429001,18.615904092788696
38042,11,1.3860465451812745,0.49644,1.3574586183547974,0.5103,0.00012976127618458122,0.06990896910429001,18.89989161491394
38042,12,1.3761127709197998,0.49924,1.379097498893738,0.5029,0.00015571352560073137,0.06992612034082413,19.210014820098877
38042,13,1.3687467162704468,0.49918,1.351499967956543,0.5117,0.00015571352560073137,0.06992612034082413,18.56352686882019
38042,14,1.359161390914917,0.5054,1.3921286727905273,0.5009,0.0001245708263013512,0.06993210315704346,18.548444271087646
38042,15,1.3332430776214599,0.51608,1.3111665952682494,0.5253,0.0001245708263013512,0.06993210315704346,18.5449481010437
38042,16,1.3195208710098267,0.51924,1.3196100664138795,0.522,0.00014948498574085534,0.06992949545383453,18.792587995529175
38042,17,1.3240165630340577,0.5182,1.2983535385131837,0.5386,0.00014948498574085534,0.06992949545383453,18.575117588043213
38042,18,1.310469528503418,0.5263,1.2989221839904785,0.5329,0.00011958798859268427,0.06993965059518814,18.58688712120056
38042,19,1.2812714597320556,0.53304,1.2992448366165161,0.5329,0.00011958798859268427,0.06993965059518814,18.652032375335693
38042,20,1.2697791379547119,0.53868,1.2900597133636476,0.5384,9.567038796376437e-05,0.06991754472255707,18.607412815093994
38042,21,1.250860602645874,0.54514,1.2628312311172485,0.5423,9.567038796376437e-05,0.06991754472255707,18.534876346588135
38042,22,1.2383345930099487,0.55386,1.2439791301727294,0.5529,0.00011480446846690029,0.06987488269805908,18.598615646362305
38042,23,1.2372393088912963,0.5512,1.224748250579834,0.5601,0.00011480446846690029,0.06987488269805908,18.499566555023193
38042,24,1.2318470963287353,0.55176,1.2425385980606078,0.5535,9.184357622871175e-05,0.0698697566986084,18.728591203689575
38042,25,1.2138777645492553,0.56262,1.2195472427368164,0.5643,9.184357622871175e-05,0.0698697566986084,18.665431022644043
38042,26,1.1985921085357667,0.56598,1.2240770195007324,0.5644,0.0001102122914744541,0.06988894194364548,18.54647397994995
38042,27,1.2050733044433595,0.5663,1.2078958280563354,0.5707,0.0001102122914744541,0.06988894194364548,18.56856918334961
38042,28,1.195032456741333,0.56858,1.2026092905044556,0.5724,8.816983608994633e-05,0.06988441199064255,18.565770864486694
38042,29,1.1699361072540284,0.57576,1.1933917795181275,0.5756,8.816983608994633e-05,0.06988441199064255,18.637913465499878
38042,30,1.1659891944122314,0.57774,1.2242433462142945,0.5609,0.0001058038033079356,0.06988272815942764,18.525084257125854
38042,31,1.168531287727356,0.5763,1.176613452720642,0.5795,0.0001058038033079356,0.06988272815942764,18.570481538772583
38042,32,1.1609866235351562,0.58088,1.1955851334571839,0.5714,0.00012696455814875662,0.06990885734558105,18.37005615234375
38042,33,1.1671532515716552,0.57948,1.1885481918334961,0.5795,0.00012696455814875662,0.06990885734558105,18.585336923599243
38042,34,1.1566049590301513,0.58306,1.1807798818588258,0.5831,0.00010157164797419682,0.06990844756364822,18.71142888069153
38042,35,1.132082568435669,0.59136,1.1838646118164062,0.5826,0.00010157164797419682,0.06990844756364822,18.535733699798584
38042,36,1.1178907748413085,0.5954,1.1477491563796998,0.5926,0.00012188597611384466,0.06989691406488419,18.420270442962646
38042,37,1.1250287689971923,0.59254,1.1471438616752625,0.5944,0.00012188597611384466,0.06989691406488419,18.523288249969482
38042,38,1.1227096726226806,0.59772,1.15475209980011,0.5956,0.0001462631771573797,0.06988801062107086,18.692298412322998
38042,39,1.1257703090286255,0.59282,1.1502516597747803,0.5972,0.0001462631771573797,0.06988801062107086,18.416176557540894
38042,40,1.1205492784500122,0.59762,1.1791299083709716,0.5772,0.0001170105388155207,0.06989187002182007,18.56556248664856
38042,41,1.0867168103790283,0.61176,1.1446771082878113,0.598,0.0001170105388155207,0.06989187002182007,18.457878589630127
38042,42,1.077301849861145,0.61182,1.121777518939972,0.6001,0.00014041265239939094,0.06988733261823654,18.405951023101807
38042,43,1.0865599836349487,0.61,1.1541560928344727,0.5887,0.00014041265239939094,0.06988733261823654,18.40919828414917
38042,44,1.0781136659049988,0.61264,1.1423769708633422,0.6004,0.00016849518578965217,0.06982032209634781,18.487977981567383
38042,45,1.0856735279846192,0.60888,1.1304113037109376,0.6009,0.00016849518578965217,0.06982032209634781,18.5678551197052
38042,46,1.0716321420288086,0.61396,1.1694161989212035,0.5951,0.00020219422003719956,0.06981052458286285,18.469505786895752
38042,47,1.0876486499023437,0.61176,1.1039912815093995,0.6135,0.00020219422003719956,0.06981052458286285,18.39206552505493
38042,48,1.076558373451233,0.61276,1.0937113118171693,0.6102,0.00024263306113425642,0.0698346346616745,18.49735689163208
38042,49,1.0794961509513854,0.61078,1.1757520610809327,0.593,0.00024263306113425642,0.0698346346616745,18.393200159072876
38042,50,1.0714397936630249,0.61636,1.105415007019043,0.6146,0.0002911596675403416,0.06984100490808487,18.374094247817993
38042,51,1.0853313107681275,0.60978,1.0965447058677673,0.6112,0.0002911596675403416,0.06984100490808487,18.521127700805664
38042,52,1.071931254234314,0.61374,1.0775220428466796,0.6186,0.0002329277340322733,0.0698435977101326,18.55156660079956
38042,53,1.0272253886795044,0.63114,1.0762297322273255,0.6168,0.0002329277340322733,0.0698435977101326,18.533135414123535
38042,54,1.012044061317444,0.6362,1.0602175630569457,0.6243,0.00018634219304658473,0.0698305070400238,18.511543035507202
38042,55,0.9685320542907715,0.6541,1.019825460243225,0.6426,0.00018634219304658473,0.0698305070400238,18.577170610427856
38042,56,0.9517757210922241,0.65834,1.01528482837677,0.6396,0.0001490737486165017,0.0698201060295105,18.71682620048523
38042,57,0.9143559120559692,0.67378,0.9881853630065918,0.6571,0.0001490737486165017,0.0698201060295105,18.487518548965454
38042,58,0.8954529217147827,0.67966,0.9852262538909912,0.6576,0.00011925899889320135,0.0698360726237297,18.32883906364441
38042,59,0.8670582786941529,0.6885,0.959672672367096,0.6716,0.00011925899889320135,0.0698360726237297,18.52130436897278
38042,60,0.8501532526779175,0.69672,0.9619223628997803,0.6705,9.540720202494413e-05,0.06983590871095657,18.543685913085938
38042,61,0.820459976902008,0.70556,0.9491063987731934,0.6739,9.540720202494413e-05,0.06983590871095657,18.35775113105774
38042,62,0.8076872814750672,0.7099,0.9460128338813781,0.681,7.632576307514682e-05,0.06982722878456116,18.554071187973022
38042,63,0.7829079721069336,0.71886,0.9301520030975342,0.686,7.632576307514682e-05,0.06982722878456116,18.471787691116333
38042,64,0.7746701953315734,0.7199,0.9172446809768676,0.6895,6.106060754973441e-05,0.06981290876865387,18.347652673721313
38042,65,0.75086341381073,0.73182,0.9062975452423095,0.6899,6.106060754973441e-05,0.06981290876865387,18.382086753845215
38042,66,0.7429865166091919,0.73662,0.9270076315879822,0.6912,7.327272760448977e-05,0.06982031464576721,18.472477436065674
38042,67,0.7429161515426635,0.73378,0.914648635005951,0.6933,7.327272760448977e-05,0.06982031464576721,18.36893939971924
38042,68,0.7350373166275025,0.73696,0.9051885405540466,0.6941,5.861818135599606e-05,0.06981807947158813,18.528387546539307
38042,69,0.7183126413345337,0.74336,0.9068941937446594,0.691,5.861818135599606e-05,0.06981807947158813,18.265774488449097
38042,70,0.7061933365249634,0.74654,0.9027949419021607,0.6946,4.689454362960532e-05,0.06981342285871506,18.54823064804077
38042,71,0.6831143902206421,0.75562,0.8994831103324891,0.6995,4.689454362960532e-05,0.06981342285871506,18.56202507019043
38042,72,0.6792681310081482,0.75628,0.9102943195343017,0.6947,3.75156341760885e-05,0.06980469822883606,18.703025102615356
38042,73,0.6669385343170166,0.7623,0.9043259328842163,0.7015,3.75156341760885e-05,0.06980469822883606,18.391098022460938
38042,74,0.6542889220046997,0.76596,0.8970292514801025,0.7017,3.0012506613275036e-05,0.0698009729385376,18.571484327316284
38042,75,0.647930584449768,0.76612,0.903531283569336,0.7006,3.0012506613275036e-05,0.0698009729385376,18.688576698303223
38042,76,0.6437265807533264,0.76894,0.9050695261955262,0.6982,2.401000529062003e-05,0.06980019062757492,18.788135528564453
38042,77,0.6324834064865112,0.77374,0.8978236006736755,0.7043,2.401000529062003e-05,0.06980019062757492,18.46787166595459
38042,78,0.6255952579498291,0.77464,0.9050921996116639,0.7037,1.9208004232496023e-05,0.06979458034038544,18.593473434448242
38042,79,0.6154433383178711,0.78118,0.897710918045044,0.7042,1.9208004232496023e-05,0.06979458034038544,18.493639945983887
38042,80,0.6139196435737609,0.77952,0.8964793497085571,0.703,2.3049604351399466e-05,0.06978599727153778,18.551100969314575
38042,81,0.6170405833244323,0.77868,0.9083786240577698,0.6988,2.3049604351399466e-05,0.06978599727153778,18.709038257598877
38042,82,0.6107984996986389,0.7821,0.9007583213806152,0.7085,2.765952558547724e-05,0.0697866827249527,18.623347520828247
38042,83,0.6120004670333862,0.7808,0.8971042869567871,0.7057,2.765952558547724e-05,0.0697866827249527,18.423766136169434
38042,84,0.6083886758613587,0.78166,0.8953633336067199,0.7074,2.2127620468381792e-05,0.06979198753833771,18.461397171020508
38042,85,0.6047621578598023,0.78324,0.9175771306037903,0.7016,2.2127620468381792e-05,0.06979198753833771,18.437855005264282
38042,86,0.5966403955459595,0.78706,0.9095343919754029,0.7027,2.6553145289653912e-05,0.06978315860033035,18.48032236099243
38042,87,0.5980420543289184,0.78502,0.9077072703361512,0.7058,2.6553145289653912e-05,0.06978315860033035,18.367319107055664
38042,88,0.5925012820625305,0.78816,0.9088243608474731,0.7037,3.186377580277622e-05,0.06977762281894684,18.532620429992676
38042,89,0.595969621515274,0.78566,0.9075343347549438,0.7081,3.186377580277622e-05,0.06977762281894684,18.52348518371582
217401,0,1.99835172416687,0.24076,1.723308649635315,0.3657,0.00039599998854100704,0.07002970576286316,18.729074478149414
217401,1,1.7434676621246339,0.3467,1.7138481115341186,0.376,0.00039599998854100704,0.07002970576286316,18.458277225494385
217401,2,1.646849993019104,0.38956,1.5776133768081666,0.4226,0.00047519998042844236,0.07006431370973587,18.63913631439209
217401,3,1.6108886730575562,0.40718,1.5047205812454223,0.4502,0.00047519998042844236,0.07006431370973587,18.302831411361694
217401,4,1.560977378463745,0.42572,1.5133271677017213,0.4448,0.00038015999598428607,0.070140041410923,18.704840183258057
217401,5,1.508908176765442,0.4487,1.4250487342834472,0.4828,0.00038015999598428607,0.070140041410923,18.50686025619507
217401,6,1.4826485469818116,0.45926,1.475475695991516,0.4577,0.0003041279851458967,0.07020750641822815,18.476081132888794
217401,7,1.4431293655776978,0.47244,1.3811040536880492,0.4942,0.0003041279851458967,0.07020750641822815,18.45455503463745
217401,8,1.4220309952163697,0.4819,1.3870831924438476,0.4946,0.0003649535938166082,0.07020503282546997,18.60968041419983
217401,9,1.416890453414917,0.48612,1.4206149415969849,0.4839,0.0003649535938166082,0.07020503282546997,18.66551160812378
217401,10,1.4038854545211792,0.4888,1.3639460622787476,0.5027,0.00043794431257992983,0.07019021362066269,18.504973888397217
217401,11,1.4009434713363647,0.48848,1.3577359580993653,0.5069,0.00043794431257992983,0.07019021362066269,18.633867263793945
217401,12,1.3842875717926026,0.49662,1.3411106414794922,0.5144,0.00035035546170547605,0.07018421590328217,18.470285892486572
217401,13,1.3531952967071532,0.50762,1.2991835298538208,0.5266,0.00035035546170547605,0.07018421590328217,18.61581778526306
217401,14,1.3344398111343383,0.51598,1.325915280532837,0.5178,0.00042042654240503907,0.07013551890850067,18.528855323791504
217401,15,1.336732529258728,0.51438,1.3003732484817505,0.5245,0.00042042654240503907,0.07013551890850067,18.416982412338257
217401,16,1.3226278845214843,0.51956,1.2960262271881104,0.5367,0.0005045118741691113,0.07009587436914444,18.520843505859375
217401,17,1.334853037147522,0.51612,1.3361686170578002,0.5178,0.0005045118741691113,0.07009587436914444,18.492354154586792
217401,18,1.3133533431243896,0.52734,1.2733131130218507,0.547,0.0006054142722859979,0.07013490051031113,18.65024995803833
217401,19,1.3235376312637328,0.52074,1.3017880578994752,0.5363,0.0006054142722859979,0.07013490051031113,18.622461080551147
217401,20,1.3110094611358643,0.52708,1.3087970849990844,0.5259,0.0007264971500262618,0.07011812925338745,18.662363052368164
217401,21,1.3198883141708373,0.52334,1.2835561470031738,0.5402,0.0007264971500262618,0.07011812925338745,18.64258885383606
217401,22,1.302911914176941,0.5302,1.257425754737854,0.543,0.000871796568389982,0.07015116512775421,18.62840962409973
217401,23,1.3126555410003662,0.52404,1.2985658086776732,0.5312,0.000871796568389982,0.07015116512775421,18.56132411956787
217401,24,1.3024852773666382,0.52974,1.271111633682251,0.541,0.0006974372663535178,0.07018154114484787,18.783879280090332
217401,25,1.2496051158905028,0.54948,1.1951456090927124,0.5675,0.0006974372663535178,0.07018154114484787,18.57352590560913
217401,26,1.23323123298645,0.55354,1.1997989952087402,0.571,0.0005579498247243464,0.07018561661243439,18.610503435134888
217401,27,1.187663259086609,0.57086,1.1751889459609985,0.5798,0.0005579498247243464,0.07018561661243439,18.573546409606934
217401,28,1.1670346502685547,0.5784,1.18636451587677,0.5838,0.0006695397896692157,0.07019839435815811,18.619385719299316
217401,29,1.1712827449798584,0.58088,1.1596136894226075,0.5833,0.0006695397896692157,0.07019839435815811,18.424082040786743
217401,30,1.1580454747390747,0.5824,1.1412146928787232,0.588,0.0005356318433769047,0.07019463181495667,18.638161659240723
217401,31,1.1095536673736572,0.60272,1.1072716951370238,0.612,0.0005356318433769047,0.07019463181495667,18.67579174041748
217401,32,1.0821247421264648,0.61016,1.07280671043396,0.6179,0.0006427582120522857,0.0701792985200882,18.556082487106323
217401,33,1.0954385639190674,0.606,1.1397914657592774,0.5941,0.0006427582120522857,0.0701792985200882,18.611395597457886
217401,34,1.0783139945220948,0.61218,1.109602099609375,0.6078,0.0005142065929248929,0.07015169411897659,18.599316120147705
217401,35,1.0260333444976806,0.63096,1.028137572479248,0.6373,0.0005142065929248929,0.07015169411897659,18.627450704574585
217401,36,1.0083850736236573,0.63696,1.0452016666412354,0.6276,0.00041136526851914823,0.07016571611166,18.95072364807129
217401,37,0.9660725377082825,0.65378,0.9882780618667603,0.6535,0.00041136526851914823,0.07016571611166,18.69979214668274
217401,38,0.9468512693023682,0.6599,0.981057250213623,0.6493,0.00044015294406563044,0.07018360495567322,18.589138507843018
217401,39,0.9342133817291259,0.66486,0.9859772216796875,0.6504,0.00044015294406563044,0.07018360495567322,18.617732286453247
217401,40,0.9237872112846375,0.66802,0.9737059890747071,0.6524,0.0005281835328787565,0.07018375396728516,18.624815464019775
217401,41,0.9308417475700378,0.66392,1.0054883126258851,0.6445,0.0005281835328787565,0.07018375396728516,18.526252031326294
217401,42,0.9213584876251221,0.67034,0.9823477227210998,0.6557,0.00063382025109604,0.07018780708312988,18.522539615631104
217401,43,0.9293842802047729,0.666,1.0066266090393066,0.6446,0.00063382025109604,0.07018780708312988,18.562208652496338
217401,44,0.9179375691223145,0.67208,0.959931939792633,0.6624,0.0005070561892352998,0.07016841322183609,18.510703325271606
217401,45,0.8709458204269409,0.6864,0.9429136234283447,0.6673,0.0005070561892352998,0.07016841322183609,18.479793310165405
217401,46,0.8537287571525574,0.695,0.9197508979797363,0.679,0.000608467438723892,0.07013826817274094,18.538151741027832
217401,47,0.8685035740280151,0.6891,0.9882743137359619,0.6563,0.000608467438723892,0.07013826817274094,18.47452998161316
217401,48,0.8606287168693543,0.69378,0.9429018559455872,0.6744,0.00048677396262064576,0.07014216482639313,18.65919542312622
217401,49,0.8126561646652222,0.7101,0.9217018355369568,0.6783,0.00048677396262064576,0.07014216482639313,18.640267372131348
217401,50,0.7989089860534668,0.71156,0.9087596821784973,0.6825,0.0005841287784278393,0.0701529011130333,18.406550884246826
217401,51,0.8085730452156067,0.70966,0.9283140111923218,0.6743,0.0005841287784278393,0.0701529011130333,18.65482211112976
217401,52,0.8033762140083313,0.71136,0.9445198957443237,0.6688,0.000700954522471875,0.070159912109375,18.58654546737671
217401,53,0.8239495455741882,0.7066,0.9320206880569458,0.6726,0.000700954522471875,0.070159912109375,18.475435733795166
217401,54,0.8153960156059266,0.70824,0.9419368589401245,0.6776,0.0005607636412605643,0.0701998919248581,18.475197076797485
217401,55,0.7669992759895324,0.7242,0.9067274047851562,0.6878,0.0005607636412605643,0.0701998919248581,18.6427583694458
217401,56,0.7553531089782715,0.73136,0.8926746667861939,0.6912,0.00044861092464998364,0.07021542638540268,18.75407862663269
217401,57,0.7037282292556762,0.74954,0.9081778470993042,0.6947,0.00044861092464998364,0.07021542638540268,18.409142017364502
217401,58,0.6891138587379455,0.7544,0.8688578977584839,0.7054,0.0003588887338992208,0.0702076405286789,18.61632776260376
217401,59,0.6425136436271668,0.76892,0.8794889609336853,0.704,0.0003588887338992208,0.0702076405286789,18.376280546188354
217401,60,0.6302814990234376,0.77408,0.857522138595581,0.7096,0.00043066649232059717,0.07019456475973129,18.51371717453003
217401,61,0.6419598969841004,0.7707,0.9067820020675659,0.6959,0.00043066649232059717,0.07019456475973129,18.628350734710693
217401,62,0.6374192496109009,0.7706,0.8775907825469971,0.7071,0.0005167998024262488,0.07016800343990326,18.560316562652588
217401,63,0.6548619614601136,0.76298,0.9100083148956298,0.6968,0.0005167998024262488,0.07016800343990326,18.64932894706726
217401,64,0.6441082189369202,0.76672,0.9107559625625611,0.6934,0.0006201597861945629,0.0701756551861763,18.630424737930298
217401,65,0.6830135608100891,0.75514,0.9115658149719238,0.6921,0.0006201597861945629,0.0701756551861763,18.623899221420288
217401,66,0.6704997868728638,0.75968,0.8952813837051392,0.6979,0.0004961278173141181,0.0701480433344841,18.619436502456665
217401,67,0.6178570311546325,0.77752,0.9035391012191772,0.698,0.0004961278173141181,0.0701480433344841,18.56545329093933
217401,68,0.6143032804489136,0.77718,0.8896755309104919,0.7028,0.0003969022654928267,0.07014455646276474,18.432519674301147
217401,69,0.5601367499542236,0.79842,0.9105475830078125,0.7079,0.0003969022654928267,0.07014455646276474,18.595332622528076
217401,70,0.5453488455009461,0.80394,0.9237853389739991,0.7037,0.0004762827302329242,0.07012692093849182,18.700288772583008
217401,71,0.571620281124115,0.79194,0.9115875113487244,0.707,0.0004762827302329242,0.07012692093849182,18.46902108192444
217401,72,0.5678211960983276,0.7954,0.9533259693145753,0.6978,0.0003810261841863394,0.07012929022312164,18.499915599822998
217401,73,0.5143520717811585,0.81576,0.9136152870178222,0.704,0.0003810261841863394,0.07012929022312164,18.68046808242798
217401,74,0.49993505575180053,0.81916,0.9221339235305787,0.7102,0.0003048209473490715,0.07009963691234589,18.56252384185791
217401,75,0.4545216306209564,0.83688,0.948207459449768,0.7118,0.0003048209473490715,0.07009963691234589,18.56189250946045
217401,76,0.4442452247047424,0.8394,0.953870140171051,0.7149,0.000365785148460418,0.07009655237197876,18.412816524505615
217401,77,0.46612075876235964,0.8323,0.949333424282074,0.7085,0.000365785148460418,0.07009655237197876,18.351319074630737
217401,78,0.4578160230922699,0.83438,0.9472913377761841,0.7117,0.00029262813040986657,0.07008384168148041,18.82388687133789
217401,79,0.4172461040496826,0.8502,0.9658618204116821,0.7151,0.00029262813040986657,0.07008384168148041,18.672744750976562
217401,80,0.41109804755210877,0.8515,0.9723165855407715,0.709,0.00023410251014865935,0.07006870955228806,18.608858585357666
217401,81,0.3701872675895691,0.86654,0.9668565615653991,0.718,0.00023410251014865935,0.07006870955228806,18.66831064224243
217401,82,0.36332487421035764,0.86812,0.967229082107544,0.7161,0.0002809230063576251,0.07006153464317322,18.700414896011353
217401,83,0.37105986697196963,0.86634,0.9661901413917542,0.7191,0.0002809230063576251,0.07006153464317322,18.61811089515686
217401,84,0.3740900999736786,0.8657,1.0195725289344788,0.7092,0.00033710760180838406,0.07004891335964203,18.688628435134888
217401,85,0.3932556523132324,0.8573,0.9952645204544067,0.7111,0.00033710760180838406,0.07004891335964203,18.752206087112427
217401,86,0.3926626102924347,0.85912,0.9975903147697449,0.7104,0.00026968607562594116,0.07005468755960464,18.629122972488403
217401,87,0.3575445433616638,0.87126,1.0184747890472412,0.7163,0.00026968607562594116,0.07005468755960464,18.514263153076172
217401,88,0.3468971443748474,0.87482,1.0028639887809754,0.7188,0.00032362330239266157,0.07006054371595383,18.53829312324524
217401,89,0.36864593996047973,0.86688,1.0018378447532654,0.7132,0.00032362330239266157,0.07006054371595383,18.639427423477173
637451,0,1.9841597828674316,0.2437,1.8073497648239136,0.3119,0.00039599998854100704,0.07009541243314743,18.59078574180603
637451,1,1.7624474334335327,0.33734,1.6978242086410522,0.3743,0.00039599998854100704,0.07009541243314743,18.6367609500885
637451,2,1.6570222272491455,0.38596,1.6037482982635498,0.4145,0.0003167999966535717,0.07012990117073059,18.620766162872314
637451,3,1.5804578984832764,0.41688,1.523936417388916,0.4521,0.0003167999966535717,0.07012990117073059,18.598784923553467
637451,4,1.5425250170898437,0.4337,1.465715658378601,0.4679,0.0002534399973228574,0.07011556625366211,18.73171901702881
637451,5,1.4980142713928222,0.45222,1.4417568256378175,0.4722,0.0002534399973228574,0.07011556625366211,18.492040395736694
637451,6,1.4692174983596802,0.46222,1.4171000549316406,0.4859,0.0003041279851458967,0.07015625387430191,18.55434823036194
637451,7,1.4671420950698852,0.46428,1.4309950763702393,0.4775,0.0003041279851458967,0.07015625387430191,18.706050634384155
637451,8,1.452179958190918,0.4697,1.4404587505340576,0.4854,0.0003649535938166082,0.07012252509593964,18.5228910446167
637451,9,1.4472121979522705,0.47036,1.4252493534088135,0.4937,0.0003649535938166082,0.07012252509593964,18.57980751991272
637451,10,1.426526149520874,0.47982,1.358051282119751,0.5073,0.00029196287505328655,0.07013069093227386,18.653393030166626
637451,11,1.387184540901184,0.49272,1.387279239654541,0.5042,0.00029196287505328655,0.07013069093227386,18.611113786697388
637451,12,1.3744381478500367,0.50038,1.3377818576812743,0.5097,0.0002335703029530123,0.07015399634838104,18.61989450454712
637451,13,1.3380720157623291,0.51182,1.311233610343933,0.5289,0.0002335703029530123,0.07015399634838104,18.662697315216064
637451,14,1.3224563348388672,0.51888,1.3329446088790893,0.5172,0.00028028435190208256,0.07017223536968231,18.60078525543213
637451,15,1.3272600534820556,0.51942,1.2652160396575929,0.5443,0.00028028435190208256,0.07017223536968231,18.634586572647095
637451,16,1.3083715377426148,0.52518,1.2831416788101195,0.5387,0.0003363412106409669,0.0701887458562851,18.60400652885437
637451,17,1.3134219803619385,0.5245,1.2688637844085693,0.5409,0.0003363412106409669,0.0701887458562851,18.585381269454956
637451,18,1.3000004624176025,0.52758,1.2814268562316895,0.534,0.0004036094469483942,0.07020137459039688,18.546781063079834
637451,19,1.3054188022613524,0.52598,1.3137053644180299,0.5261,0.0004036094469483942,0.07020137459039688,18.39770483970642
637451,20,1.287779984664917,0.53046,1.276627067565918,0.5446,0.00032288755755871534,0.07020566612482071,18.52208971977234
637451,21,1.2606502801513673,0.54594,1.2372765250205993,0.5553,0.00032288755755871534,0.07020566612482071,18.411254405975342
637451,22,1.2362318846130371,0.5553,1.2178312355995178,0.5575,0.00025831005768850446,0.07021831721067429,18.484084129333496
637451,23,1.2074164584732057,0.56326,1.1908790585517883,0.5754,0.00025831005768850446,0.07021831721067429,18.51622223854065
637451,24,1.1916430421447755,0.5709,1.1648568024635315,0.5823,0.00020664805197156966,0.07022875547409058,18.676573514938354
637451,25,1.1578918946456909,0.58198,1.1479614758491516,0.5906,0.00020664805197156966,0.07022875547409058,18.45419955253601
637451,26,1.1432399788284302,0.5879,1.1412705918312074,0.5984,0.00024797767400741577,0.07022122293710709,18.404377222061157
637451,27,1.145952099456787,0.58696,1.1570352126121521,0.5891,0.00024797767400741577,0.07022122293710709,18.571796417236328
637451,28,1.13802922580719,0.58964,1.1353585277557372,0.5924,0.0002975732204504311,0.07022706419229507,18.57571816444397
637451,29,1.1442057633972167,0.58676,1.1709555782318115,0.5838,0.0002975732204504311,0.07022706419229507,18.567402124404907
637451,30,1.1337197269058228,0.59092,1.155437679386139,0.5879,0.00023805857927072793,0.07028090953826904,18.520697116851807
637451,31,1.1003242140960694,0.60298,1.1008602968215941,0.6119,0.00023805857927072793,0.07028090953826904,18.446293115615845
637451,32,1.0870026135635376,0.6107,1.0996300121307374,0.6096,0.0002856703067664057,0.07030010223388672,18.602954149246216
637451,33,1.0919650173950195,0.60556,1.1082216323852538,0.6064,0.0002856703067664057,0.07030010223388672,18.620372772216797
637451,34,1.0762305513381958,0.6149,1.1082251934051515,0.61,0.00022853624250274152,0.07026250660419464,18.711881637573242
637451,35,1.04426285861969,0.62292,1.0845452739715575,0.6188,0.00022853624250274152,0.07026250660419464,18.51785659790039
637451,36,1.032905719985962,0.6277,1.0653389846801757,0.6264,0.00018282899691257626,0.0702599585056305,18.644708395004272
637451,37,0.9978863587760926,0.64158,1.031159483909607,0.635,0.00018282899691257626,0.0702599585056305,18.516300439834595
637451,38,0.9847363453483582,0.64502,1.029229599571228,0.6399,0.0002193948021158576,0.07023890316486359,18.316893100738525
637451,39,0.9887556529426574,0.64398,1.0308733703613282,0.6427,0.0002193948021158576,0.07023890316486359,18.75186586380005
637451,40,0.9853928522491455,0.64478,1.080686413383484,0.6194,0.0002632737741805613,0.07022000849246979,18.724235773086548
637451,41,0.9920672221565247,0.64328,1.058308842086792,0.629,0.0002632737741805613,0.07022000849246979,18.711902618408203
637451,42,0.9829936570739746,0.64858,1.0210896775245666,0.6417,0.00031592854065820575,0.07021653652191162,18.52591323852539
637451,43,0.9956203412628174,0.64252,1.0554599126815796,0.6345,0.00031592854065820575,0.07021653652191162,18.652449131011963
637451,44,0.9901588347244262,0.64566,1.0371997875213623,0.6413,0.0002527428441680968,0.07027313858270645,18.711139678955078
637451,45,0.9457079802703857,0.661,1.036349221420288,0.6419,0.0002527428441680968,0.07027313858270645,18.345777988433838
637451,46,0.9369333445739746,0.66334,0.9824862157821656,0.654,0.0003032914246432483,0.0702999159693718,18.290132522583008
637451,47,0.9493674096488952,0.66202,1.0086666317939759,0.6462,0.0003032914246432483,0.0702999159693718,18.494011163711548
637451,48,0.9356405637359619,0.66588,1.0079952505111693,0.6472,0.00024263313389383256,0.07032895088195801,18.611253261566162
637451,49,0.902470607471466,0.67496,0.9912252495765687,0.6558,0.00024263313389383256,0.07032895088195801,18.6294584274292
637451,50,0.886379916973114,0.68228,0.9953854246139526,0.6607,0.00019410651293583214,0.07029429078102112,18.642916917800903
637451,51,0.849494130859375,0.69428,0.965777422618866,0.6712,0.00019410651293583214,0.07029429078102112,18.652061939239502
637451,52,0.8306335815429687,0.70206,0.9472072720527649,0.6719,0.00023292782134376466,0.0703311562538147,18.85075092315674
637451,53,0.8472722073745728,0.69686,0.9427876646041871,0.6721,0.00023292782134376466,0.0703311562538147,18.449689388275146
637451,54,0.8316656335449218,0.70106,0.9633818926811218,0.6645,0.0002795133914332837,0.07031966745853424,18.62882375717163
637451,55,0.8491309567451477,0.69516,0.9869738551139832,0.6598,0.0002795133914332837,0.07031966745853424,18.620854139328003
637451,56,0.8355961425590516,0.7014,0.9586948689460755,0.6674,0.00033541605807840824,0.07031286507844925,18.65423846244812
637451,57,0.8567489821052551,0.69356,0.9481720550537109,0.6697,0.00033541605807840824,0.07031286507844925,18.550933837890625
637451,58,0.8375824477005005,0.69914,0.9748603532791138,0.6636,0.00040249928133562207,0.07028313726186752,18.752406120300293
637451,59,0.8645440067863465,0.68854,0.9786610140800476,0.6653,0.00040249928133562207,0.07028313726186752,18.604145765304565
637451,60,0.8556808428192139,0.69382,0.9298721936225891,0.6744,0.00032199942506849766,0.07029066979885101,18.77807641029358
637451,61,0.8085431248092652,0.71048,0.9400210199356079,0.673,0.00032199942506849766,0.07029066979885101,18.588298082351685
637451,62,0.7905166436576844,0.71612,0.908891014289856,0.6871,0.0003863993042614311,0.0702909380197525,18.562245845794678
637451,63,0.8130757888031006,0.70784,0.932215245437622,0.6698,0.0003863993042614311,0.0702909380197525,18.6674485206604
637451,64,0.8065049454116822,0.7107,0.9413559358596801,0.6749,0.0003091194375883788,0.07031955569982529,18.940629482269287
637451,65,0.7608157699394226,0.72802,0.8982990094184875,0.6949,0.0003091194375883788,0.07031955569982529,18.6667582988739
637451,66,0.74614703540802,0.73118,0.885926427936554,0.6935,0.00037094333674758673,0.07031244784593582,18.537912130355835
637451,67,0.7663618657112121,0.72504,0.9228095875740051,0.6838,0.00037094333674758673,0.07031244784593582,18.45899510383606
637451,68,0.7580016934394836,0.72678,0.9227062711715698,0.6895,0.0002967546752188355,0.07029030472040176,18.715386867523193
637451,69,0.7072305112457276,0.74652,0.9146284043312073,0.6876,0.0002967546752188355,0.07029030472040176,18.78585457801819
637451,70,0.6908795643424988,0.75296,0.8840232104301453,0.6961,0.00023740374308545142,0.07032500952482224,18.489883184432983
637451,71,0.6435190533065795,0.76948,0.8902036767959595,0.7003,0.00023740374308545142,0.07032500952482224,18.57869791984558
637451,72,0.6355845922660828,0.77098,0.9037123203277588,0.7031,0.0002848845033440739,0.07031428068876266,18.464757919311523
637451,73,0.6433501504516601,0.76704,0.8816862675666809,0.7062,0.0002848845033440739,0.07031428068876266,18.691246271133423
637451,74,0.6320081087303162,0.77416,0.8938506944656373,0.701,0.0003418613923713565,0.07032022625207901,18.653547286987305
637451,75,0.6548066163444519,0.76546,0.9099749012947083,0.6915,0.0003418613923713565,0.07032022625207901,18.545135974884033
637451,76,0.6566090761947632,0.765,0.9090516580581665,0.6971,0.000273489102255553,0.07029274106025696,18.718520164489746
637451,77,0.6117579120826722,0.77998,0.8909295782089234,0.7067,0.000273489102255553,0.07029274106025696,18.74299931526184
637451,78,0.5937470776176452,0.78652,0.9065431739807129,0.704,0.0003281869285274297,0.0703015998005867,18.72498607635498
637451,79,0.6147731607246399,0.7787,0.8896356739997864,0.7024,0.0003281869285274297,0.0703015998005867,18.532039880752563
637451,80,0.6140041940498352,0.77926,0.8863048369407653,0.7064,0.00026254955446347594,0.07031198590993881,18.6392719745636
637451,81,0.5553232618141174,0.79974,0.8897947961807251,0.7094,0.00026254955446347594,0.07031198590993881,18.59402298927307
637451,82,0.545613179359436,0.80278,0.9043953289031983,0.7058,0.0003150594711769372,0.07031933218240738,18.73107123374939
637451,83,0.565035249862671,0.79572,0.9290522517204285,0.7028,0.0003150594711769372,0.07031933218240738,18.589706659317017
637451,84,0.5555301596832275,0.8005,0.9530902830123902,0.6948,0.00025204758276231587,0.07030957192182541,18.471517086029053
637451,85,0.5166721745300293,0.81294,0.9096247262954712,0.7078,0.00025204758276231587,0.07030957192182541,18.79938054084778
637451,86,0.5080997620391846,0.8148,0.8976048285484314,0.7128,0.0002016380603890866,0.0703391283750534,18.469191789627075
637451,87,0.4587718321800232,0.8326,0.9156683740615845,0.7121,0.0002016380603890866,0.0703391283750534,18.37130641937256
637451,88,0.44830614025115967,0.83894,0.9261539709091187,0.7095,0.00016131045413203537,0.07033409178256989,18.47072958946228
637451,89,0.4168343704414368,0.84932,0.9500323356628418,0.7176,0.00016131045413203537,0.07033409178256989,18.558652877807617
207796,0,2.003636286239624,0.23742,1.7523555883407593,0.3525,0.00039599998854100704,0.06994128972291946,18.596680641174316
207796,1,1.7655357555770874,0.34064,1.7040665767669678,0.3802,0.00039599998854100704,0.06994128972291946,18.365275621414185
207796,2,1.6549215351867677,0.38998,1.6338772958755494,0.4123,0.0003167999966535717,0.0699995905160904,18.517946481704712
207796,3,1.5858726735687256,0.41592,1.5492252126693726,0.4324,0.0003167999966535717,0.0699995905160904,18.562581062316895
207796,4,1.5459069615936278,0.4304,1.5298054000854493,0.446,0.0002534399973228574,0.06996529549360275,18.53233027458191
207796,5,1.5094213090515136,0.44658,1.4529621450424195,0.4667,0.0002534399973228574,0.06996529549360275,18.489665031433105
207796,6,1.4841661145401002,0.4523,1.459553253364563,0.4719,0.00020275199494790286,0.07001032680273056,18.555142879486084
207796,7,1.4553951064682007,0.4674,1.4435700454711915,0.4756,0.00020275199494790286,0.07001032680273056,18.566224336624146
207796,8,1.4350348749923707,0.47448,1.4011111713409423,0.4938,0.00024330239102710038,0.06999482214450836,18.60833764076233
207796,9,1.4347748488998413,0.47536,1.439725934791565,0.4747,0.00024330239102710038,0.06999482214450836,18.648033618927002
207796,10,1.4130165868759155,0.48208,1.3856129800796508,0.5006,0.00019464190700091422,0.06999074667692184,18.489705324172974
207796,11,1.3805589159011842,0.50004,1.383815366744995,0.5039,0.00019464190700091422,0.06999074667692184,18.587568044662476
207796,12,1.3714648054885865,0.50036,1.39036563205719,0.4947,0.00015571352560073137,0.06996358931064606,18.524932861328125
207796,13,1.342284783706665,0.51308,1.332882606124878,0.5222,0.00015571352560073137,0.06996358931064606,18.57458782196045
207796,14,1.323520185546875,0.51632,1.311595041847229,0.529,0.0001245708263013512,0.06991052627563477,18.683611631393433
207796,15,1.2981932202529907,0.52908,1.2979251205444335,0.5373,0.0001245708263013512,0.06991052627563477,18.63595461845398
207796,16,1.2847949990081786,0.53336,1.2670915802001954,0.5405,0.00014948498574085534,0.0698920339345932,18.49251079559326
207796,17,1.2900669592666627,0.53196,1.2816365579605102,0.5408,0.00014948498574085534,0.0698920339345932,18.394464015960693
207796,18,1.2781489210891723,0.53756,1.283381230545044,0.5436,0.00011958798859268427,0.06990866363048553,18.510342836380005
207796,19,1.2607994381713867,0.54342,1.2609954563140868,0.549,0.00011958798859268427,0.06990866363048553,18.415597438812256
207796,20,1.243340972480774,0.549,1.2857995021820068,0.5376,0.00014350558922160417,0.06989943236112595,18.483384609222412
207796,21,1.2479806248855592,0.54716,1.2399723812103272,0.5561,0.00014350558922160417,0.06989943236112595,18.63126826286316
207796,22,1.240626816482544,0.551,1.251275701713562,0.5412,0.00011480446846690029,0.06991950422525406,18.479392290115356
207796,23,1.2135322783279419,0.55976,1.2289030975341797,0.5597,0.00011480446846690029,0.06991950422525406,18.524839639663696
207796,24,1.2057556246948242,0.56506,1.2221404317855835,0.564,0.00013776536798104644,0.06992055475711823,18.41044282913208
207796,25,1.2049169149398804,0.5649,1.2094966163635255,0.5645,0.00013776536798104644,0.06992055475711823,18.587982892990112
207796,26,1.1990433781433105,0.56454,1.2136149982452393,0.5649,0.00016531844448763877,0.06991793215274811,18.44949245452881
207796,27,1.2102968659973146,0.56194,1.2316805574417113,0.5583,0.00016531844448763877,0.06991793215274811,18.66137146949768
207796,28,1.1972163365554809,0.5665,1.2381609758377075,0.552,0.00019838212756440043,0.06989964097738266,18.74412178993225
207796,29,1.2050447582244872,0.56298,1.2536418386459351,0.5504,0.00019838212756440043,0.06989964097738266,18.43656897544861
207796,30,1.1947790673065186,0.56874,1.2202640449523925,0.5572,0.00023805855016689748,0.06988354027271271,18.507832765579224
207796,31,1.2059302056121826,0.56256,1.2293169197082519,0.5583,0.00023805855016689748,0.06988354027271271,18.557612895965576
207796,32,1.203900707511902,0.56506,1.2561680171966554,0.5519,0.0002856702485587448,0.06987008452415466,18.44402813911438
207796,33,1.212129870147705,0.56356,1.21938466463089,0.5601,0.0002856702485587448,0.06987008452415466,18.5300612449646
207796,34,1.1976894468688966,0.56622,1.2198493675231934,0.5642,0.00022853619884699583,0.06986177712678909,18.664311170578003
207796,35,1.1687643026733399,0.5778,1.186470952987671,0.5769,0.00022853619884699583,0.06986177712678909,18.444547176361084
207796,36,1.1588768029022216,0.58398,1.197229930114746,0.5732,0.00018282895325683057,0.06991271674633026,18.524644374847412
207796,37,1.1243260139274598,0.5962,1.169977144241333,0.5826,0.00018282895325683057,0.06991271674633026,18.431771755218506
207796,38,1.1151682272148131,0.59768,1.1774094752311706,0.5875,0.00014626316260546446,0.06990078091621399,18.625808477401733
207796,39,1.0841089614105224,0.61062,1.1577170760154725,0.5839,0.00014626316260546446,0.06990078091621399,18.548615217208862
207796,40,1.0713201308441163,0.61292,1.1344687955856323,0.5938,0.00017551580094732344,0.06990765035152435,18.543957710266113
207796,41,1.0819613932418823,0.609,1.1401088802337647,0.6,0.00017551580094732344,0.06990765035152435,18.528632164001465
207796,42,1.0743238276672362,0.61352,1.132600940132141,0.5969,0.0001404126378474757,0.06989393383264542,18.431791067123413
207796,43,1.0420854699325561,0.62532,1.1333840326309204,0.601,0.0001404126378474757,0.06989393383264542,18.414862871170044
207796,44,1.0306565988349914,0.63134,1.0959096548080445,0.6177,0.00011233011173317209,0.069900281727314,18.552918672561646
207796,45,1.0040331267929077,0.63666,1.095391003704071,0.6123,0.00011233011173317209,0.069900281727314,18.705958366394043
207796,46,0.9902153731918335,0.64432,1.1237615358352662,0.6039,0.00013479613699018955,0.06995125114917755,18.463260173797607
207796,47,0.998788512840271,0.6416,1.1195627199172973,0.6058,0.00013479613699018955,0.06995125114917755,18.741037845611572
207796,48,0.9901661916732788,0.64576,1.0856392786026001,0.618,0.00016175536438822746,0.06993473321199417,18.794615507125854
207796,49,0.9996369164276123,0.64088,1.1036046262741088,0.6092,0.00016175536438822746,0.06993473321199417,18.48764204978943
207796,50,0.9893051312446595,0.64584,1.0937775501251221,0.6139,0.000194106440176256,0.06992825120687485,18.47783637046814
207796,51,1.001700512008667,0.6382,1.1080118932724,0.6132,0.000194106440176256,0.06992825120687485,18.698129653930664
207796,52,0.9991232359504699,0.63978,1.1068528542518616,0.6106,0.0002329277340322733,0.06994529813528061,18.563884973526
207796,53,1.0114204529953004,0.63354,1.1113562650680542,0.6104,0.0002329277340322733,0.06994529813528061,18.517189741134644
207796,54,1.0009964523124695,0.64032,1.1413331845283508,0.5981,0.00027951327501796186,0.06990545243024826,18.63204526901245
207796,55,1.0255586680984496,0.63124,1.1200839466094972,0.6056,0.00027951327501796186,0.06990545243024826,18.515593767166138
207796,56,1.0129504835700989,0.63634,1.1125976737976073,0.6099,0.0003354159416630864,0.06992052495479584,18.726351499557495
207796,57,1.0414987147903443,0.62544,1.1115223476409912,0.6015,0.0003354159416630864,0.06992052495479584,18.480023860931396
207796,58,1.0358476609039307,0.62806,1.1601702018737794,0.5954,0.0004024991358164698,0.06989961117506027,18.60860514640808
207796,59,1.0547475273895264,0.6198,1.110344823074341,0.6044,0.0004024991358164698,0.06989961117506027,18.479344129562378
207796,60,1.0471516209220886,0.62398,1.1203169565200806,0.6061,0.00048299896297976375,0.06994134932756424,18.346887588500977
207796,61,1.0775691158294678,0.61294,1.1367165481567383,0.5983,0.00048299896297976375,0.06994134932756424,18.442352056503296
207796,62,1.0593979090881347,0.61858,1.118384316635132,0.6048,0.0005795987672172487,0.06989966332912445,18.586538314819336
207796,63,1.0917578608703613,0.6072,1.1602723091125489,0.5902,0.0005795987672172487,0.06989966332912445,18.565917491912842
207796,64,1.0803454721832275,0.6148,1.1226161907196044,0.6063,0.0004636790254153311,0.06986235827207565,18.581995964050293
207796,65,1.026015885887146,0.6322,1.08667556476593,0.6154,0.0004636790254153311,0.06986235827207565,18.594216346740723
207796,66,1.0055609548187256,0.641,1.0846118520736694,0.6223,0.0003709432203322649,0.06984855979681015,18.51376700401306
207796,67,0.9513924151611328,0.66004,1.0373504035949708,0.6392,0.0003709432203322649,0.06984855979681015,18.496402740478516
207796,68,0.93748817653656,0.66228,1.027936212348938,0.638,0.0002967545879073441,0.06991542875766754,18.51612687110901
207796,69,0.8870875093460083,0.68192,1.0229421047210694,0.6415,0.0002967545879073441,0.06991542875766754,18.567697763442993
207796,70,0.8717216829681397,0.68546,1.0179975011825562,0.6514,0.0003561055054888129,0.06989648193120956,18.376198768615723
207796,71,0.8866332392692566,0.6823,1.0218149596214294,0.6426,0.0003561055054888129,0.06989648193120956,18.29627227783203
207796,72,0.8670763948822021,0.68678,1.016212911605835,0.6493,0.0004273265949450433,0.06991372257471085,18.662041187286377
207796,73,0.887919328956604,0.68306,1.0447193562507628,0.6389,0.0004273265949450433,0.06991372257471085,18.20905566215515
207796,74,0.8832127105522156,0.68298,1.0264747742652893,0.6494,0.000512791913934052,0.06987660378217697,18.541790008544922
207796,75,0.9045404154014587,0.674,1.0472267095565795,0.6384,0.000512791913934052,0.06987660378217697,18.27445936203003
207796,76,0.8923940576171875,0.6786,0.9842993286132813,0.6576,0.0006153503200039268,0.06991785764694214,18.328491926193237
207796,77,0.9187838525390625,0.67106,1.042439288711548,0.6341,0.0006153503200039268,0.06991785764694214,18.575711727142334
207796,78,0.9110788582229614,0.67434,1.040662058353424,0.6408,0.000492280232720077,0.06983901560306549,18.670643091201782
207796,79,0.8532642670249939,0.69308,0.978832921409607,0.6576,0.000492280232720077,0.06983901560306549,18.67572522163391
207796,80,0.8308329259490966,0.7032,0.9631037403106689,0.6665,0.0005907362792640924,0.06986292451620102,18.64849281311035
207796,81,0.8559412934112549,0.6939,0.987285079574585,0.6595,0.0005907362792640924,0.06986292451620102,18.835872888565063
207796,82,0.8506427484703064,0.69588,1.0034797328948974,0.6522,0.00047258901759050786,0.06982340663671494,18.755061626434326
207796,83,0.7839326966476441,0.7208,0.9852256284713745,0.6607,0.00047258901759050786,0.06982340663671494,18.56328010559082
207796,84,0.7621739268684388,0.72756,0.9535293666839599,0.6765,0.0005671068211086094,0.06982450932264328,19.184670209884644
207796,85,0.7918724425888062,0.71584,0.9408811561584473,0.676,0.0005671068211086094,0.06982450932264328,18.5308678150177
207796,86,0.7794439231681823,0.7218,0.9669057605743409,0.6638,0.0006805281736887991,0.06983090937137604,18.565921306610107
207796,87,0.8086221148490905,0.70908,0.9565963884353638,0.6735,0.0006805281736887991,0.06983090937137604,18.576850414276123
207796,88,0.801636174659729,0.71094,0.95376529378891,0.6688,0.000816633808426559,0.06982715427875519,18.58076024055481
207796,89,0.8363305629730224,0.70054,0.9778431034088135,0.6627,0.000816633808426559,0.06982715427875519,18.520270824432373
45921,0,1.97942265045166,0.2401,1.7845039312362672,0.3306,0.0002640000020619482,0.06994755566120148,18.554564237594604
45921,1,1.74474570854187,0.34268,1.6608303134918212,0.3877,0.0002640000020619482,0.06994755566120148,18.52590537071228
45921,2,1.6597970006942748,0.3833,1.620825613594055,0.4065,0.00021120000747032464,0.06994730979204178,18.794722080230713
45921,3,1.5850123700714112,0.41564,1.5256498447418212,0.4399,0.00021120000747032464,0.06994730979204178,18.62263774871826
45921,4,1.54399188079834,0.43308,1.5166183839797973,0.4487,0.0002534399973228574,0.0699765533208847,18.688995838165283
45921,5,1.5227892946624755,0.44002,1.499106023979187,0.454,0.0002534399973228574,0.0699765533208847,18.52490735054016
45921,6,1.4903001332473755,0.4548,1.4974841960906982,0.4595,0.00020275199494790286,0.06997432559728622,18.480170965194702
45921,7,1.4498484386444093,0.46854,1.3732211400985719,0.5103,0.00020275199494790286,0.06997432559728622,18.561827182769775
45921,8,1.4239575873565673,0.48332,1.3904529487609862,0.4949,0.00016220159886870533,0.06995223462581635,18.6956729888916
45921,9,1.3887399909210205,0.49166,1.3324321493148803,0.5153,0.00016220159886870533,0.06995223462581635,18.364897966384888
45921,10,1.3717806563568116,0.5019,1.3313859043121339,0.5185,0.00012976127618458122,0.06998596340417862,18.49705219268799
45921,11,1.343549760246277,0.51344,1.322617067337036,0.5187,0.00012976127618458122,0.06998596340417862,18.496039867401123
45921,12,1.3234523600006103,0.51892,1.297921243286133,0.5307,0.00015571352560073137,0.06996580213308334,18.505326986312866
45921,13,1.32295301322937,0.52026,1.277402562904358,0.5358,0.00015571352560073137,0.06996580213308334,18.526272535324097
45921,14,1.310509838180542,0.52454,1.2672358306884766,0.5415,0.00018685622490011156,0.06996113806962967,18.539000272750854
45921,15,1.3040372631072998,0.5268,1.267260979270935,0.5394,0.00018685622490011156,0.06996113806962967,18.608216047286987
45921,16,1.2923696758270264,0.53084,1.2746940288543702,0.5427,0.00022422746405936778,0.06993541121482849,18.79763436317444
45921,17,1.2944314178466796,0.52966,1.264372314453125,0.541,0.00022422746405936778,0.06993541121482849,18.512717485427856
45921,18,1.2769295648956298,0.53682,1.2645906894683838,0.5476,0.00026907294522970915,0.06995505839586258,18.539144039154053
45921,19,1.288561328125,0.533,1.2867051725387573,0.542,0.00026907294522970915,0.06995505839586258,18.541508674621582
45921,20,1.2732941724395752,0.53972,1.306135994911194,0.5304,0.0002152583620045334,0.06994619965553284,18.751731157302856
45921,21,1.2387043453979492,0.54938,1.2493190191268921,0.5553,0.0002152583620045334,0.06994619965553284,18.54196047782898
45921,22,1.2219890169906615,0.55876,1.1913817558288575,0.576,0.000258310028584674,0.06997062265872955,18.647995233535767
45921,23,1.221972444229126,0.55998,1.2248572109222413,0.5591,0.000258310028584674,0.06997062265872955,18.490070581436157
45921,24,1.2151779628753663,0.56108,1.2069619775772096,0.5704,0.0002066480228677392,0.07002143561840057,18.701984882354736
45921,25,1.1808740059280396,0.57368,1.1853540594100953,0.573,0.0002066480228677392,0.07002143561840057,18.63303804397583
45921,26,1.1612825996017455,0.58052,1.2057239148139953,0.5671,0.00021740955708082765,0.07000291347503662,18.747384071350098
45921,27,1.153518818397522,0.58266,1.1557750133514404,0.5862,0.00021740955708082765,0.07000291347503662,18.705268621444702
45921,28,1.1443746590423585,0.58798,1.1688093492507934,0.5797,0.00017392764857504517,0.0700167715549469,18.63204336166382
45921,29,1.1081784576416016,0.59934,1.1262900311470032,0.5993,0.00017392764857504517,0.0700167715549469,18.61508536338806
45921,30,1.0944381608200073,0.60536,1.126839157962799,0.5972,0.00013914212468080223,0.0700182095170021,18.68207097053528
45921,31,1.0585201351165772,0.6176,1.091109635925293,0.6123,0.00013914212468080223,0.0700182095170021,18.471526384353638
45921,32,1.0452542710494994,0.62282,1.0577913356781006,0.6209,0.00016697055252734572,0.070001982152462,18.660122394561768
45921,33,1.049194574584961,0.6226,1.0717025314331055,0.6152,0.00016697055252734572,0.070001982152462,18.557549715042114
45921,34,1.0357062761688232,0.62704,1.0479976804733275,0.6314,0.00013357643911149353,0.06999000906944275,18.5844783782959
45921,35,1.004797244796753,0.63962,1.039440930747986,0.6278,0.00013357643911149353,0.06999000906944275,18.646077394485474
45921,36,0.9981110832595825,0.64114,1.0271003914833068,0.6327,0.00016029173275455832,0.06998127698898315,18.50439763069153
45921,37,0.9943214149665832,0.64444,1.0365109369277954,0.6319,0.00016029173275455832,0.06998127698898315,18.65411925315857
45921,38,0.9855847683334351,0.64506,1.0511402584075928,0.6305,0.00019235008221585304,0.06996794044971466,18.650540828704834
45921,39,0.9913190886688232,0.64388,1.0246252233505249,0.6357,0.00019235008221585304,0.06996794044971466,18.572999000549316
45921,40,0.9788478437805176,0.6499,1.0287785875320434,0.6392,0.00023082009283825755,0.07000251859426498,18.49229669570923
45921,41,0.991118715209961,0.64348,1.045434009552002,0.6241,0.00023082009283825755,0.07000251859426498,18.685593128204346
45921,42,0.9825682645416259,0.649,1.0071188684463501,0.6532,0.0001846560771809891,0.07000681757926941,18.711536407470703
45921,43,0.9400380765151978,0.65992,0.9756899337768554,0.6574,0.0001846560771809891,0.07000681757926941,18.58192014694214
45921,44,0.9307688460922241,0.66738,1.0042727647781373,0.649,0.00022158729552756995,0.07000183314085007,18.537996530532837
45921,45,0.937305229625702,0.66272,1.0120731559753418,0.642,0.00022158729552756995,0.07000183314085007,18.687817335128784
45921,46,0.9279194061088561,0.66616,0.9886700776100159,0.6543,0.00017726983060128987,0.06997457146644592,18.68407416343689
45921,47,0.8864839192390442,0.68056,0.9653386130332947,0.6633,0.00017726983060128987,0.06997457146644592,18.593241930007935
45921,48,0.8697484484672546,0.6889,0.9562423791885376,0.6675,0.0001418158644810319,0.06998801976442337,18.69854998588562
45921,49,0.8447587167739868,0.69708,0.928334199333191,0.6779,0.0001418158644810319,0.06998801976442337,18.658064126968384
45921,50,0.8251006410598755,0.7034,0.9475881575584412,0.6748,0.00011345269012963399,0.06999336928129196,18.64088487625122
45921,51,0.7960270292282104,0.71348,0.9112826833724975,0.6848,0.00011345269012963399,0.06999336928129196,18.64824366569519
45921,52,0.7806757432746887,0.71856,0.9093583127975464,0.6862,9.076215064851567e-05,0.07001449912786484,18.70975136756897
45921,53,0.754748490562439,0.7273,0.8930346098899842,0.6927,9.076215064851567e-05,0.07001449912786484,18.659843683242798
45921,54,0.7440897830200195,0.73408,0.8854816751480102,0.6968,7.260972051881254e-05,0.07002169638872147,18.731319427490234
45921,55,0.7183389553451538,0.74296,0.8991865546226502,0.6893,7.260972051881254e-05,0.07002169638872147,18.64229655265808
45921,56,0.7100811882972717,0.74768,0.893092058467865,0.6945,8.713166607776657e-05,0.07001959532499313,18.80713677406311
45921,57,0.7127769942474366,0.74454,0.8941989510536194,0.6926,8.713166607776657e-05,0.07001959532499313,18.454233169555664
45921,58,0.7073374024581909,0.74596,0.8880999368667603,0.6915,6.970533286221325e-05,0.07002526521682739,18.640634059906006
45921,59,0.6820593519020081,0.7541,0.8904257622718811,0.6972,6.970533286221325e-05,0.07002526521682739,18.587653398513794
45921,60,0.6768196717643737,0.75582,0.8972901975631714,0.695,8.364640234503895e-05,0.07002241909503937,18.45542597770691
45921,61,0.6779404132080078,0.75642,0.907427105140686,0.6947,8.364640234503895e-05,0.07002241909503937,18.930073738098145
45921,62,0.6731986368179321,0.75864,0.8997113845825195,0.7001,6.691712042083964e-05,0.07003775238990784,18.593287229537964
45921,63,0.6468661380004883,0.76626,0.8939138916969299,0.7007,6.691712042083964e-05,0.07003775238990784,18.630078077316284
45921,64,0.6397912660598755,0.76962,0.8980068301200866,0.702,8.030054596019909e-05,0.07006264477968216,18.765154600143433
45921,65,0.643607880077362,0.76938,0.9091086703300476,0.6955,8.030054596019909e-05,0.07006264477968216,18.68381977081299
45921,66,0.6422412686061859,0.76898,0.8996696301460266,0.6962,9.636065806262195e-05,0.07004424929618835,18.479175329208374
45921,67,0.653105186252594,0.76494,0.8898739653587341,0.7006,9.636065806262195e-05,0.07004424929618835,18.52123260498047
45921,68,0.6377673001098633,0.77036,0.9194970910072326,0.7018,0.00011563279258552939,0.07005968689918518,18.55325698852539
45921,69,0.6518064895057678,0.76626,0.9301668139457703,0.6933,0.00011563279258552939,0.07005968689918518,18.690062999725342
45921,70,0.6455826373672485,0.7691,0.9082869096755981,0.7009,0.00013875935110263526,0.07004964351654053,18.701897859573364
45921,71,0.6615522712898254,0.76416,0.9221185520172119,0.6985,0.00013875935110263526,0.07004964351654053,18.59461236000061
45921,72,0.6509920037651062,0.7651,0.9255046493530273,0.6969,0.00011100748088210821,0.07004266232252121,18.899670600891113
45921,73,0.6251638918685913,0.7747,0.906977433013916,0.7003,0.00011100748088210821,0.07004266232252121,18.54286503791809
45921,74,0.6178160536384583,0.778,0.9047589122772217,0.7023,8.880598761606961e-05,0.07004217058420181,18.603028774261475
45921,75,0.5843924923324585,0.79146,0.9213987748146057,0.7044,8.880598761606961e-05,0.07004217058420181,18.54045271873474
45921,76,0.5805137546920777,0.7905,0.889955670261383,0.706,7.104479300323874e-05,0.07005291432142258,18.67246103286743
45921,77,0.5541814241981506,0.7999,0.899596575164795,0.7146,7.104479300323874e-05,0.07005291432142258,18.525739669799805
45921,78,0.5394306422233581,0.80486,0.9118362983703613,0.7082,5.683583367499523e-05,0.07006317377090454,18.704668045043945
45921,79,0.5239487219047546,0.81156,0.9215402392387391,0.7137,5.683583367499523e-05,0.07006317377090454,18.666693449020386
45921,80,0.5172043482589722,0.81404,0.9251921461105347,0.7113,6.820300040999427e-05,0.07004744559526443,18.85163903236389
45921,81,0.525478526134491,0.80986,0.9143263862609863,0.7063,6.820300040999427e-05,0.07004744559526443,18.809263706207275
45921,82,0.5210129298496247,0.81256,0.9145118702888488,0.7133,8.184360194718465e-05,0.07003642618656158,18.626174688339233
45921,83,0.5282216509819031,0.80862,0.9226353700637817,0.71,8.184360194718465e-05,0.07003642618656158,18.643134117126465
45921,84,0.5233320514106751,0.81318,0.911719446182251,0.7087,6.54748801025562e-05,0.07002715766429901,18.54130792617798
45921,85,0.4952663103866577,0.82178,0.9349283706665039,0.7142,6.54748801025562e-05,0.07002715766429901,18.598437070846558
45921,86,0.49587493574142455,0.82272,0.907660929775238,0.7227,5.2379902626853436e-05,0.07002764940261841,18.479671001434326
45921,87,0.4719979558181763,0.83022,0.93205580368042,0.7146,5.2379902626853436e-05,0.07002764940261841,18.735739946365356
45921,88,0.46172375920295716,0.8328,0.9305125277519226,0.7175,6.285588460741565e-05,0.07003692537546158,18.535253763198853
45921,89,0.4724798318386078,0.8298,0.9350695343017578,0.7145,6.285588460741565e-05,0.07003692537546158,18.556316137313843
